Reference Price (Yuan),Brand,Model,Production Method,Origin,Engine,Max Horsepower (Ps),Max Power/Speed (kW/rpm),Max Torque/Speed (NÂ·m/rpm),Transmission,ABS,CBS,Dimensions (LxWxH mm),Seat Height (mm),Curb Weight (kg),Fuel Tank Capacity (L),Max Speed (km/h),Official Average Fuel Consumption (L/100km),Measured Average Fuel Consumption (L/100km),Range (km),Warranty,Available Colors
,,,,,,,,,,-,-,,,,,,,,,,
2099,QJETECH,pedal,,,,0.5,0.4/,,,-,-,1470x640x980,730,,,25,,,65,,
2099,QJETECH,pedal,,,,0.5,0.4/,,,-,-,1485x662x1014,730,,,25,,,65,,
3699,QJETECH,pedal,,,,,,,,-,-,1710x655x1060,710,55,,25,,,70,,
3899,QJETECH,pedal,,,,0.5,0.4/,,,-,-,1485x682x1020,725,,,25,,,60,,
3899,QJETECH,pedal,,,,0.5,0.4/,,,-,-,1540x680x1020,725,,,25,,,60,,
3899,QJETECH,pedal,,,,,,,,-,-,1750x720x1065,755,,,55,,,68,,
3999,QJETECH,pedal,,,,0.5,0.4/,,,-,-,1570x675x1040,725,,,25,,,70,,
4099,QJETECH,pedal,,,,0.5,0.4/,,,-,-,1710x655x1060,700,55,,25,,,70,,"Starry Night Black, Matte Light Blue, Rich White"
4599,QJETECH,pedal,,,,0.5,0.4/,,,-,-,1710x655x1060,700,55,,25,,,70,,"Dong Dong Lan, Cement Grey, Piano Black"
139900,Victory,Cruising Crown Prince,Imported,,dual cylinder four stroke water-cooled  1179cc,104.69,77/8000,,6,-,-,2286xxxx,658,243,12.9,,-,,-,,
,Victory,Cruising Crown Prince,Imported,,with 1731cc,,,,-,-,-,,640,,17,,-,,-,,
,Victory,Cruising Crown Prince,Imported,,with 1731cc,,,,-,-,-,,658,,17,,-,,-,,
,Victory,Cruising Crown Prince,Imported,,with 1731cc,,,,-,-,-,,660,,17,,-,,-,,
,Victory,Cruising Crown Prince,Imported,,with 1731cc,,,,-,-,-,,660,,17,,-,,-,,
,Victory,Cruising Crown Prince,Imported,,with 1731cc,,,,-,-,-,,667,,22,,-,,-,,
179900,Victory,Cruising Crown Prince,Imported,,dual cylinder four stroke air-cooled/oil cooled  1731cc,82.12,60.4/,,6,-,-,2372xxx,658,300,17,,-,,-,,
,Victory,Cruising Crown Prince,Imported,,with 1731cc,,,,-,-,-,,667,,22.7,,-,,-,,
,Victory,Cruising Crown Prince,Imported,,with 1731cc,,,,-,-,-,,673,,22.7,,-,,-,,
,Victory,,,,four cylinder four stroke  1731cc,,,,-,-,-,,,,0,,-,,-,,
,Victory,Cruising Crown Prince,Imported,,with 1731cc,,,,-,-,-,,,,17.8,,-,,-,,
,Victory,,,,with 1731cc,,,,-,-,-,,667,,22.7,,-,,-,,
,Victory,Cruising Crown Prince,Imported,,with 1731cc,,,,-,-,-,,667,,22.7,,-,,-,,
,Victory,Cruising Crown Prince,Imported,,with 1731cc,,,,-,-,-,,667,,22.7,,-,,-,,
,Victory,Cruising Crown Prince,Imported,,with 1731cc,,,,-,-,-,,667,339,22.7,,-,,-,,
,Victory,,,,"Four stroke, 50  V twin SOHC, 4 valves per cylinder, self adjusting cam chains, hydraulic lifts Four stroke oil cooled",,,,-,-,-,,667,,22.7,,-,,-,,
,Victory,Cruising Crown Prince,Imported,,with 1731cc,,,,-,-,-,,673,,22.7,,-,,-,,
,Victory,Cruising Crown Prince,Imported,,with 1731cc,,,,-,-,-,,673,,22.7,,-,,-,,
,Victory,Cruising Crown Prince,Imported,,with 1731cc,,,,-,-,-,,673,,22.7,,-,,-,,
,Victory,Cruising Crown Prince,Imported,,dual cylinder four stroke oil cooled  1634cc,,,,-,-,-,,660,,17,,-,,-,,
,Victory,Cruising Crown Prince,Imported,,with 1731cc,,,,-,-,-,,667,,22,,-,,-,,
,Victory,Cruising Crown Prince,Imported,,dual cylinder four stroke oil cooled  1634cc,,,,-,-,-,,653,,17,,-,,-,,
,Victory,Cruising Crown Prince,Imported,,dual cylinder four stroke oil cooled  1634cc,,,,-,-,-,,673,,17,,-,,-,,
,Victory,Cruising Crown Prince,Imported,,", 1507cc",,,,-,-,-,,673,,17,,-,,-,,
,Victory,Cruising Crown Prince,Imported,,dual cylinder four stroke oil cooled  1634cc,,,,-,-,-,,640,,17,,-,,-,,
,Victory,Cruising Crown Prince,Imported,,", 1507cc",,,,-,-,-,,673,,17,,-,,-,,
,Victory,Cruising Crown Prince,Imported,,dual cylinder four stroke oil cooled  1634cc,,,,-,-,-,,673,,17,,-,,-,,
,Victory,Cruising Crown Prince,Imported,,", 1507cc",,,,-,-,-,,673,,17,,-,,-,,
,Victory,,,,", 1507cc",,,,-,-,-,,,,19,,-,,-,,
,Victory,,,,", 1507cc",,,,-,-,-,,,,19,,-,,-,,
,Victory,Cruising Crown Prince,Imported,,with 1731cc,,,,-,-,-,,640,,17,,-,,-,,
,Victory,Cruising Crown Prince,Imported,,", 1507cc",,,,-,-,-,,,,17,,-,,-,,
,Victory,Cruising Crown Prince,Imported,,with 1731cc,,,,-,-,-,,640,,17,,-,,-,,
,Victory,Cruising Crown Prince,Imported,,with 1731cc,,,,-,-,-,,640,,17,,-,,-,,
,Victory,Cruising Crown Prince,Imported,,with 1731cc,,,,-,-,-,,653,,17,,-,,-,,
,Victory,Cruising Crown Prince,Imported,,dual cylinder four stroke oil cooled  1634cc,,,,-,-,-,,640,,17,,-,,-,,
,Victory,Cruising Crown Prince,Imported,,with 1731cc,,,,-,-,-,,673,,22.7,,-,,-,,
,Victory,Cruising Crown Prince,Imported,,with 1731cc,,,,-,-,-,,673,,22.7,,-,,-,,
,Victory,Cruising Crown Prince,Imported,,with 1731cc,,,,-,-,-,,673,,22.7,,-,,-,,
,Victory,Cruising Crown Prince,Imported,,with 1731cc,,,,-,-,-,,673,,22.7,,-,,-,,
,Victory,,,,with 1731cc,,,,-,-,-,,673,,22.7,,-,,-,,
,Big,Cruising Crown Prince,Imported,,with 1750cc,,,,-,-,-,,660,,16.3,,-,,-,,
,Big,Cruising Crown Prince,Imported,,"air-cooled, 1819cc",,,,-,-,-,,635,365,17,,-,,-,,
,Big,Cruising Crown Prince,Imported,,four stroke air-cooled  1916cc,,,,-,-,-,,622,,16.7,,-,,-,,
,Big,Cruising Crown Prince,Imported,,four stroke air-cooled  1916cc,,,,-,-,-,,,,17.4,,-,,-,,
,Big,Cruising Crown Prince,Imported,,four stroke air-cooled  1916cc,,,,-,-,-,,,,14.4,,-,,-,,
,Big,Cruising Crown Prince,Imported,,four stroke air-cooled  1916cc,,,,-,-,-,,,,17.4,,-,,-,,
,Big,Cruising Crown Prince,Imported,,four stroke air-cooled  1916cc,,,,-,-,-,,622,,14.4,,-,,-,,
,Big,Cruising Crown Prince,Imported,,V-type twin cylinder four stroke air-cooled  1980cc,,,,-,-,-,,,,17,,-,,-,,
,Big,Cruising Crown Prince,Imported,,four stroke air-cooled  1349cc,,,,-,-,-,,610,,8.5,,-,,-,,
15800,Huoyan,", sports car,",,Chongqing New Sensation Motorcycle Company,single cylinder four stroke air-cooled  250cc,16.7,12.3/8000,,international 6-speed,,standard,1920x750x1075,,137,14,125,-,,-,of,
12800,Hangjue,pedal,,,single cylinder four stroke water-cooled  150cc,15.0,11/8500,,CVT continuously variable transmission automatic transmission,standard,without,2055x770x1340,680,155,7.5,110,2.6,,230,,
7880,Hangjue,pedal,,,single cylinder four stroke air-cooled  150cc,8.2,6/7500,,CVT continuously variable transmission automatic transmission,none,without,1895x650x1125,780,128,6,85,2.6,,-,,"cement gray, green, red, blue, white, black"
6980,Chongqing,pedal,,Chongqing Construction Electromechanical Co.,single cylinder four stroke air-cooled  125cc,7.1,5.2/,,CVT continuously variable transmission automatic transmission,none,-,1850x680x1060,720,90,0,80,-,,-,,"yellow, blue, frosted gray, matte white, red"
6780,Hamasaki,pedal,,Zhejiang Jinye Motor Vehicle Industry Co.,single cylinder four stroke air-cooled  125cc,7.1,5.2/7500,,CVT continuously variable transmission automatic transmission,-,-,1880x710x1140,,104,9,,-,,-,,"Zhenlong White, Bingo Silver, Bay Blue, Gadi Green, Extreme Wind Grey"
6680,Hamasaki,pedal,,Zhejiang Jinye Motor Vehicle Industry Co.,single cylinder four stroke air-cooled  125cc,9.2,6.8/7500,,CVT continuously variable transmission automatic transmission,-,-,1860x690x1115,750,,8.7,,-,,-,,"Warm White, Khaki Grey, Orange"
5980,Hamasaki,pedal,,Zhejiang Jinye Motor Vehicle Industry Co.,single cylinder four stroke air-cooled  125cc,7.1,5.2/7500,,CVT continuously variable transmission automatic transmission,,-,1830x720x1115,750,111,4.2,80,2.2,,-,,
36800,Lightspeed,pedal,,Chinese manufacturer Qingqi Group Jiangmen Lightspeed Motorcycle Co.,single cylinder four stroke water-cooled  400cc,30.7,22.6/6500,,CVT continuously variable transmission automatic transmission,standard,-,2248x800x1308,800,181,13.5,130,-,,-,,
Currently no quotation available,Lightspeed,pedal,,,single cylinder four stroke air-cooled  150cc,,,,,,-,,,,7,,-,,-,,
8280,Power,pedal,,Taizhou Jiaojiang Zhiwei Motorcycle Manufacturing Co.,single cylinder four stroke air-cooled  125cc,7.1,5.2/7500,,CVT continuously variable transmission automatic transmission,standard,-,1900x700x1100,750,110,8.5,95,-,,-,of,
8280,Power,pedal,,Taizhou Jiaojiang Zhiwei Motorcycle Manufacturing Co.,single cylinder four stroke air-cooled  125cc,7.1,5.2/7500,,CVT continuously variable transmission automatic transmission,none,without,1823x704x1126,,100,8.5,80,-,,-,,"Mars Grey/Yellow, Bay Blue, Glacier White, Apple Green, Dream Green, Jade Brown"
,Zhiwei,pedal,,Taizhou Jiaojiang Zhiwei Motorcycle Manufacturing Co.,single cylinder four stroke air-cooled  110cc,6.4,4.7/,,CVT continuously variable transmission automatic transmission,-,-,1800x680x1115,,95,0,72,-,,-,,
,Zhiwei,pedal,,Taizhou Jiaojiang Zhiwei Motorcycle Manufacturing Co.,single cylinder four stroke air-cooled  110cc,6.4,4.7/,,CVT continuously variable transmission automatic transmission,-,-,1755x680x1065,,90,0,72,-,,-,,
,Zhiwei,pedal,,Taizhou Jiaojiang Zhiwei Motorcycle Manufacturing Co.,single cylinder four stroke air-cooled  110cc,6.4,4.7/,,CVT continuously variable transmission automatic transmission,-,-,1865x680x1130,,95,0,72,-,,-,,
,Zhiwei,pedal,,Taizhou Jiaojiang Zhiwei Motorcycle Manufacturing Co.,single cylinder four stroke air-cooled  110cc,6.4,4.7/,,CVT continuously variable transmission automatic transmission,-,-,1750x700x1062,,95,0,72,-,,-,,
,Zhiwei,pedal,,Taizhou Jiaojiang Zhiwei Motorcycle Manufacturing Co.,single cylinder four stroke air-cooled  110cc,6.4,4.7/,,CVT continuously variable transmission automatic transmission,-,-,1802x685x1095,,93,0,72,-,,-,,
,Zhiwei,pedal,,Taizhou Jiaojiang Zhiwei Motorcycle Manufacturing Co.,single cylinder four stroke air-cooled  125cc,7.1,5.2/,,CVT continuously variable transmission automatic transmission,-,-,1880x665x1140,,115,0,80,-,,-,,
,Zhiwei,pedal,,Taizhou Jiaojiang Zhiwei Motorcycle Manufacturing Co.,single cylinder four stroke air-cooled  125cc,7.1,5.2/,,CVT continuously variable transmission automatic transmission,-,-,1865x705x1090,,99,0,80,-,,-,,
,Zhiwei,pedal,,Taizhou Jiaojiang Zhiwei Motorcycle Manufacturing Co.,single cylinder four stroke air-cooled  125cc,7.1,5.2/,,CVT continuously variable transmission automatic transmission,-,-,1820x660x1052,,93,0,80,-,,-,,
,Zhiwei,pedal,,Taizhou Jiaojiang Zhiwei Motorcycle Manufacturing Co.,single cylinder four stroke air-cooled  125cc,7.1,5.2/,,CVT continuously variable transmission automatic transmission,-,-,1815x680x1120,,99,0,80,-,,-,,
,Zhiwei,pedal,,Taizhou Jiaojiang Zhiwei Motorcycle Manufacturing Co.,single cylinder four stroke air-cooled  125cc,7.1,5.2/,,CVT continuously variable transmission automatic transmission,-,-,1850x670x1105,,98,0,80,-,,-,,
,Zhiwei,pedal,,Taizhou Jiaojiang Zhiwei Motorcycle Manufacturing Co.,single cylinder four stroke air-cooled  125cc,7.1,5.2/,,CVT continuously variable transmission automatic transmission,-,-,1897x685x1075,,97,0,80,-,,-,,
,Zhiwei,pedal,,Taizhou Jiaojiang Zhiwei Motorcycle Manufacturing Co.,single cylinder four stroke air-cooled  125cc,7.1,5.2/,,CVT continuously variable transmission automatic transmission,,-,1850x670x1150,,96,0,80,-,,-,,
15999,Corvette,", street car,",,,single cylinder four stroke water-cooled  279cc,25.2,18.5/8500,,international 6-speed,standard,-,2000x730x1030,810,124,0,,-,,-,,
5149,far,pedal,,,,0.5,0.4/,,,-,standard,1700x725x1020,760,54.2,,25,,,120,,"dark green, gemstone blue"
,far,pedal,,,,,,,,-,standard,,,,,,,,-,,"Tech Grey, Pearl White, Mercedes Black"
,far,pedal,,,,,,,,-,-,,,,,,,,-,,"pepper white, light green/dark green, pearl white, fairy pink, star diamond gray"
,far,pedal,,,,,,,,-,-,,,,,,,,-,,"blush powder, fresh green, thousand island brown, metallic titanium gray, dazzling white"
,far,pedal,,,,,,,,-,standard,,,,,,,,-,,
,far,pedal,,,,,,,,-,-,,,,,,,,-,,"Piano Black, Tech Grey, Pearl White, Aurora Green"
,far,pedal,,,,,,,,-,standard,,,,,,,,-,,"Piano Black/Fluorescent Green, Abyssal Green/Fluorescent Green, Starlight White/Fluorescent Green, True Illusion Star Cloud Grey/Fluorescent Green, Colorful Glacier Blue/Fluorescent Green"
,far,pedal,,,,,,,,-,standard,,,,,,,,-,,
,far,pedal,,,-,,,,-,,standard,,,,0,,-,,-,,"Mercedes Black, Polestar Green, Pearl White, Tech Grey, Bentley Blue"
68800,Hongjiateng,Three Wheel,Domestic,Chinese manufacturer Zongshen Biaqiao Foshan Motorcycle Enterprise Co.,single cylinder four stroke water-cooled  350cc,29.0,21.3/7000,,CVT continuously variable transmission automatic transmission,none,standard,2150x840x1340,790,,13.5,,-,,-,,
Currently no quotation available,Hongjiateng,pedal,,,single cylinder four stroke air-cooled  125cc,,,,-,None,-,1657x674x1074,,,5.5,,-,,-,,
Currently no quotation available,Hongjiateng,pedal,,,single cylinder four stroke air-cooled  115cc,,,,-,None,-,1720x640x1060,,,6,,-,,-,,
Currently no quotation available,Hongjiateng,pedal,,,single cylinder four stroke air-cooled  150cc,,,,CVT continuously variable transmission,none,without,1910x730x1080,,,7,,-,,-,,"peacock blue, GP red, matte black"
Currently no quotation available,Hongjiateng,", street car,",,,single cylinder four stroke  150cc,,,,international 5-speed,,-,1763x783x1033,,,6,,-,,-,,
Currently no quotation available,Hongjiateng,pedal,,,single cylinder four stroke air-cooled  150cc,,,,CVT continuously variable transmission automatic transmission,none,without,1880x730x1100,,,7,,-,,-,,
Currently no quotation available,Hongjiateng,pedal,,,single cylinder four stroke water-cooled  300cc,,,,CVT continuously variable transmission,standard,-,2250x850x1380,790,,13.5,,-,,-,,
11800,Lingchen,pedal,,,single cylinder four stroke  150cc,12.9,9.5/8250,,CVT continuously variable transmission automatic transmission,standard,-,1970x725x1160,745,,10,105,-,,-,,
12580,Lingchen,pedal,,,single cylinder four stroke water-cooled  150cc,12.9,9.5/8250,,CVT continuously variable transmission automatic transmission,standard,-,1910x745x1275,780,130,11,105,-,,-,,
,,pedal,,,single cylinder four stroke water-cooled  500cc,38.7,28.5/7250,,CVT continuously variable transmission automatic transmission,standard,-,2160x780x1390,780,178,15,150,-,,-,,
26920,Zero,Cruising Crown Prince,Domestic,Taizhou Wangpai Car Industry Co.,inline dual cylinder four stroke water-cooled  450cc,36.7,27/8500,,international 6-speed,standard,without,2210x996x1090,710,218,12,140,3.5,,330,,
,zero,MINI,Domestic,,single cylinder four stroke air-cooled  110cc,7.6,5.6/7500,,-,,-,1670x690x1270,805,,4.5,,-,,-,,
18800,Lietuo,", sports car,",,Zhejiang Xinke Locomotive Technology Co.,single cylinder four stroke water-cooled  250cc,26.5,19.5/9000,,international 6-speed,standard,-,2070x855x1160,780,165,12,,-,,-,,
6980,new,pedal,,Zhejiang Tianying Locomotive Co.,single cylinder four stroke air-cooled  125cc,7.3,5.4/,,CVT continuously variable transmission automatic transmission,-,standard,1825x680x1127,750,103,5.4,,2.2,,240,,"Suzuki Red, New Silver White, Suzuki Dumb Grey, Suzuki Dumb Blue, Suzuki Blue, Pearl White, Dumb Black"
7680,new,pedal,,Zhejiang Tianying Locomotive Co.,single cylinder four stroke air-cooled  125cc,9.2,6.8/7500,,CVT continuously variable transmission automatic transmission,-,standard,1850x720x1115,750,109,5.9,85,2.2,,-,,"pearl white, frosted green, bay blue, frosted gray, mint green"
,new,Retro,Domestic,Zhejiang Tianying Locomotive Co.,single cylinder four stroke air-cooled  125cc,9.2,6.8/,,-,-,-,2070x720x1150,,115,0,80,-,,-,,
,new,Retro,Domestic,Zhejiang Tianying Locomotive Co.,single cylinder four stroke air-cooled  125cc,9.2,6.8/,,-,-,-,1970x825x1125,,115,0,80,-,,-,,
,new,Retro,Domestic,Zhejiang Tianying Locomotive Co.,single cylinder four stroke air-cooled  125cc,9.2,6.8/,,-,-,-,1980x770x1000,,108,0,80,-,,-,,
,new,Retro,Domestic,Zhejiang Tianying Locomotive Co.,single cylinder four stroke air-cooled  150cc,10.2,7.5/,,-,-,-,2040x770x1090,,115,0,80,-,,-,,
,new,", street car,",,Zhejiang Tianying Locomotive Co.,single cylinder four stroke air-cooled  150cc,10.2,7.5/,,-,-,-,2030x730x1060,,116,0,80,-,,-,,
,new,bending beam,,Zhejiang Tianying Locomotive Co.,single cylinder four stroke air-cooled  110cc,6.5,4.8/,,cycle 4-speed,,-,1890x690x1080,,93,0,80,-,,-,,
12688,Qiantu,pedal,,,,,,,,standard,-,1863x708x1158,770,115,,86,,,86,,
29688,Qiantu,pedal,,,,19.6,14.4/,,,standard,-,1920x760x1260,780,165,,115,,,140,,"sand, white, blue, green"
39688,Qiantu,Off road,Domestic,,,51.7,38/,,,standard,-,2380x830x1300,860,115,,120,,,100,,
4900,Sanling,", street car,",,,single cylinder four stroke air-cooled  125cc,,,,international gear,none,-,,,,0,,-,,-,,
6450,Sanling,", street car,",,,single cylinder four stroke air-cooled  149cc,,,,international gear,none,-,1985x805x1085,,126,0,,-,,-,,
7980,Sanling,pedal,,,single cylinder four stroke air-cooled  124cc,8.57,6.3/,,four speed,none,-,1926x830x1110,,117,5.5,,-,,-,,
8800,Sanling,", street car,",,,single cylinder four stroke air-cooled  125cc,,,,international gear,none,-,2015,,123,0,,-,,-,,
36800,Sanling,pedal,,,single cylinder four stroke water-cooled  350cc,24.98,18.375/,,CVT continuously variable transmission,none,-,2206,790,,13.5,,-,,-,,
5200,Sanling,", street car,",,,single cylinder four stroke air-cooled  149cc,,,,-,None,-,,,,0,,-,,-,,
5800,Sanling,", street car,",,,single cylinder four stroke air-cooled  125cc,,,,-,None,-,1965x835x1100,,115,12,,-,,-,,
4680,Sanling,", street car,",,,single cylinder four stroke air-cooled  150cc,,,,-,None,-,2010x768x1085,,136,0,,-,,-,,
4500,Sanling,", street car,",,,single cylinder four stroke air-cooled  125cc,,,,international gear,none,-,,,,0,,-,,-,,
4800,Sanling,", street car,",,,single cylinder four stroke air-cooled  150cc,,,,-,None,-,1956x790x1080,,121,0,,-,,-,,
5600,Sanling,", street car,",,,single cylinder four stroke air-cooled  125cc,,,,international gear,none,-,2020,,,0,,-,,-,,
5600,Sanling,", street car,",,,single cylinder four stroke air-cooled  125cc,,,,international gear,none,-,1965x835x1100,,115,0,,-,,-,,
3800,Sanling,bending beam,,,single cylinder four stroke air-cooled  110cc,7.1,5.2/7500,,-,None,-,1888x685x1065,,95,4,,-,,-,,
3800,Sanling,bending beam,,,with a,,,,gear,not,-,1888,,95,4.8,,-,,-,,
Currently no quotation available,Sanling,pedal,,,single cylinder four stroke air-cooled  125cc,,,,-,None,-,,,,0,,-,,-,,
Currently no quotation available,Sanling,pedal,,,single cylinder four stroke air-cooled  125cc,,,,-,None,-,1850x685x1150,,97,0,,-,,-,,
Currently no quotation available,Sanling,pedal,,,single cylinder four stroke air-cooled,,,,-,-,-,1820,,,0,,-,,-,,
Currently no quotation available,Sanling,pedal,,Pengma Industrial Co.,single cylinder four stroke air-cooled  100cc,5.8,4.3/,,CVT continuously variable transmission automatic transmission,-,-,1805x640x1060,,97,0,80,-,,-,,
Currently no quotation available,Sanling,bending beam,,Pengma Industrial Co.,single cylinder four stroke air-cooled  110cc,7.1,5.2/,,cycle 4-speed,-,-,1885x665x1080,,95,0,80,-,,-,,
Currently no quotation available,Sanling,pedal,,Pengma Industrial Co.,single cylinder four stroke air-cooled  110cc,8.2,6/,,CVT continuously variable transmission automatic transmission,-,-,1830x695x1100,,99,0,80,-,,-,,
Currently no quotation available,Sanling,Retro,Domestic,Pengma Industrial Co.,single cylinder four stroke air-cooled  125cc,10.9,8/,,-,-,-,2030x770x1060,,118,0,90,-,,-,,
Currently no quotation available,Sanling,Retro,Domestic,Pengma Industrial Co.,single cylinder four stroke air-cooled  125cc,11.1,8.2/,,-,-,-,1980x760x1002,,108,0,90,-,,-,,
Currently no quotation available,Sanling,pedal,,Pengma Industrial Co.,single cylinder two-stroke air-cooled  125cc,8.2,6/,,CVT continuously variable transmission automatic transmission,-,-,1850x685x1150,,107,0,80,-,,-,,
Currently no quotation available,Sanling,Retro,Domestic,Pengma Industrial Co.,single cylinder four stroke air-cooled  150cc,12.0,8.8/,,-,-,-,2040x770x1070,,118,0,90,-,,-,,
Currently no quotation available,Sanling,Retro,Domestic,Pengma Industrial Co.,single cylinder four stroke air-cooled  125cc,10.9,8/,,-,,-,1965x835x1100,,115,0,90,-,,-,,
19800,Besike,Retro,Domestic,Changling Group Changchun Motorcycle Industry Co.,inline dual cylinder four stroke water-cooled  250cc,25.0,18.4/8000,,international 6-speed,none,standard,2300x780x1115,780,,15,125,-,,500,,"Starlight Black, Turquoise Blue, Pearl Red"
,Happiness,Retro,Domestic,,single cylinder two-stroke air-cooled  250cc,9.9,7.3/,,cycle 5-speed,-,-,,,,16,110,-,,-,,
11800,Benling,", street car,",,Shanghai Benling Motorcycle Manufacturing Co.,single cylinder four stroke oil cooled  250cc,17.0,12.5/8000,,international 5-speed,,standard,1890x775x1070,780,138,14,130,2.5,,500,for,"Battle Grey, Fantasy Blue, Peacock Blue, Vitality Orange, Vitality Red"
8280,Benling,pedal,,Shanghai Benling Motorcycle Manufacturing Co.,single cylinder four stroke air-cooled  125cc,9.2,6.8/7500,,CVT continuously variable transmission automatic transmission,none,without,1905x680x1145,730,105,12,85,2.2,,500,for,"Morandi Green, Mamba Green, Gulf Oil Edition, Glacier White, Matte Grey, New York Grey"
22000,Weikeli,pedal,,Chinese manufacturer Juneng Motorcycle Technology Co.,,23.8,17.5/,,,standard,-,2095x835x1110,780,160,,125,,,240,,"black, white, gray, blue, red, yellow"
9800,Weikeli,pedal,,Chinese manufacturer Juneng Motorcycle Technology Co.,,,,,,-,-,1780x690x1150,780,85,,55,,,110,,
16800,Hyundai,Three Wheel,Domestic,Guangdong Dafu Motorcycle Co.,single cylinder four stroke air-cooled  150cc,9.2,6.8/,,international 4-speed,,-,1680x1500x1030,,170,0,,-,,-,,"Goose Yellow, Bay Orange, Military Green, Petroleum Blue"
10800,KAMAX,bending beam,,Chongqing Dalong Yufeng Motorcycle Manufacturing Co.,single cylinder four stroke air-cooled  125cc,9.2,6.8/8000,,cycle 4-speed,standard,-,1915x720x1020,760,115,3.8,80,-,,-,,
18993,Yongyuan,", sports car,",,,dual cylinder four stroke water-cooled  350cc,23.79,17.5/8500,,-,None,-,2000x760x1150,760,155,16,150,3.58,,-,,
16605,Yongyuan,", street car,",,,", 320cc",26.1,19.2/8500,,-,None,-,2080x790x1100,850,165,18,130,-,,-,,
18056,Yongyuan,", street car,",,,dual cylinder water-cooled  249cc,19.71,14.5/,,-,None,-,2160,,,13,130,-,,-,,
24900,Yongyuan,Cruising Crown Prince,Domestic,,inline dual cylinder four stroke water-cooled  350cc,22.0,16.2/,,-,None,-,2225x900x1170,,185,18.5,130,-,,-,,
7980,Jianlong,pedal,,Chongqing Construction Electromechanical Co.,single cylinder four stroke air-cooled  125cc,7.1,5.2/,,CVT continuously variable transmission automatic transmission,standard,-,1895x680x1140,745,105,8.6,80,2,,-,of,
6980,Jianlong,pedal,,Chongqing Construction Electromechanical Co.,single cylinder four stroke air-cooled  125cc,7.1,5.2/,,CVT continuously variable transmission automatic transmission,,-,1810x690x1110,745,105,8.6,80,-,,-,,"Deep Feather Blue, Star Moon White, Star Moon White/Red, Matte Light Silver Grey, Crystal Black, Indigo Light Blue"
7980,Jianlong,pedal,,Chongqing Construction Electromechanical Co.,single cylinder four stroke air-cooled  125cc,7.1,5.2/,,CVT continuously variable transmission automatic transmission,standard,-,2005x680x1120,745,105,6.8,80,2.3,,-,of,"gray, white, blue, black"
19800,Hailing,Three Wheel,Domestic,,oil cooling  226cc,15.6,11.5/,,-,None,without,2200x1630x1050,,260,0,70,-,,-,,
24800,Hailing,Three Wheel,Domestic,,single cylinder four stroke  250cc,15.6,11.5/,,-,,-,2230x1610x1060,,265,0,70,-,,-,,
48880,Hailing,Three Wheel,Domestic,,with 750cc,,,,-,None,no,2230x1590x1000,750,,26,85,-,,-,,
7585,Vigorous,", street car,",,,single cylinder four stroke air-cooled  150cc,12.2,9/7000,,-,,-,1710x770x98,770,108,5.5,90,-,,-,,
15395,Vigorous,", street car,",,,250cc,,,,-,None,-,,,,0,,-,,-,,
5480,Vigorous,bending beam,,,single cylinder four stroke air-cooled  110cc,,,,-,None,-,,,,0,,-,,-,,
6280,Vigorous,", street car,",,,single cylinder four stroke air-cooled  150cc,,,,-,-,-,,,,0,,-,,-,,
Currently no quotation available,Norton,"s, sports cars,",s,,588cc,,,,-,-,-,,,,20,,-,,-,,
Currently no quotation available,Norton,"s, sports cars,",s,,,,,,-,-,-,,,,0,,-,,-,,
Currently no quotation available,Norton,"s, sports cars,",s,,with 650cc,,,,-,-,-,,824,,18,,-,,-,,
Currently no quotation available,Norton,"s, sports cars,",s,,four cylinder four stroke water-cooled  1200cc,,,,-,-,-,,,,18,,-,,-,,
Currently no quotation available,Norton,,,,single cylinder single stroke water-cooled  652cc,,,,-,1,-,,760,,0,,-,,-,,
Currently no quotation available,Norton,retro,imported,,water cooling  650cc,,,,-,1,-,,,,0,,-,,-,,
Currently no quotation available,Norton,retro,imported,,961cc,,,,-,-,-,,810,,0,,-,,-,,
Currently no quotation available,Norton,retro,imported,,961cc,,,,-,-,-,,,,0,,-,,-,,
Currently no quotation available,Norton,retro,imported,,"air-cooled, 961cc",,,,-,-,-,,813,,17,,-,,-,,
Currently no quotation available,Norton,retro,imported,,"air-cooled, 961cc",,,,-,-,-,,813,,17,,-,,-,,
Currently no quotation available,Norton,retro,imported,,with 961cc,,,,-,-,-,,,,0,,-,,-,,
Currently no quotation available,Norton,retro,imported,,single cylinder single stroke air-cooled  490cc,,,,-,-,-,,,,0,,-,,-,,
Currently no quotation available,Norton,retro,imported,,with 647cc,,,,-,-,-,,,,13.5,,-,,-,,
Currently no quotation available,Norton,retro,imported,,dual cylinder four stroke air-cooled  745cc,,,,-,-,-,,,,13.5,,-,,-,,
Currently no quotation available,Norton,retro,imported,,with 650cc,,,,-,-,-,,867,,15,,-,,-,,
Currently no quotation available,Norton,retro,imported,,single cylinder single stroke water-cooled  652cc,,,,-,-,-,,830,171,20,,-,,-,,
Currently no quotation available,Norton,retro,imported,,dual cylinder two-stroke air-cooled  588cc,,,,-,-,-,,,,23,,-,,-,,
Currently no quotation available,Norton,retro,imported,,dual cylinder four stroke air-cooled  745cc,,,,-,-,-,,,,10,,-,,-,,
Currently no quotation available,Norton,retro,imported,,dual cylinder four stroke air-cooled  745cc,,,,-,-,-,,,,25,,-,,-,,
Currently no quotation available,Norton,retro,imported,,dual cylinder four stroke air-cooled  745cc,,,,-,-,-,,,,10,,-,,-,,
Currently no quotation available,Norton,retro,imported,,dual cylinder four stroke air-cooled  745cc,,,,-,-,-,,,,10,,-,,-,,
Currently no quotation available,Norton,retro,imported,,with 829cc,,,,-,-,-,,,220,19,,-,,-,,
Currently no quotation available,Norton,retro,imported,,with 829cc,,,,-,-,-,,,,12,,-,,-,,
Currently no quotation available,Norton,retro,imported,,with 829cc,,,,-,-,-,,,233,19,,-,,-,,
Currently no quotation available,Norton,retro,imported,,with 829cc,,,,-,-,-,,,233,19,,-,,-,,
Currently no quotation available,Norton,retro,imported,,dual cylinder four stroke air-cooled  952cc,,,,-,-,-,,,,17,,-,,-,,
Currently no quotation available,Norton,retro,imported,,"air-cooled, 961cc",,,,-,-,-,,813,,17,,-,,-,,
Currently no quotation available,Norton,retro,imported,,-,,,,-,-,-,,,,0,,-,,-,,
Currently no quotation available,Norton,retro,imported,,with 961cc,,,,-,-,-,,813,,17,,-,,-,,
Currently no quotation available,Norton,retro,imported,,dual cylinder two-stroke air-cooled  588cc,,,,-,-,-,,,,23,,-,,-,,
Currently no quotation available,Norton,retro,imported,,dual cylinder two-stroke ari cooled 745cc,,,,-,-,-,,800,,0,,-,,-,,
Currently no quotation available,Norton,retro,imported,,dual cylinder four stroke air-cooled  597cc,,,,-,-,-,,,,0,,-,,-,,
Currently no quotation available,Norton,retro,imported,,dual cylinder four stroke air-cooled  497cc,,,,-,-,-,,,,0,,-,,-,,
Currently no quotation available,Norton,retro,imported,,dual cylinder four stroke air-cooled  497cc,,,,-,-,-,,,,0,,-,,-,,
Currently no quotation available,Norton,retro,imported,,with 961cc,,,,-,-,-,,813,,19,,-,,-,,
Currently no quotation available,Norton,retro,imported,,single cylinder four stroke air-cooled  490cc,,,,-,-,-,,,,0,,-,,-,,
Currently no quotation available,Norton,retro,imported,,,,,,-,,-,,,,0,,-,,-,,
Currently no quotation available,Norton,retro,imported,,inline dual cylinder four stroke water-cooled  650cc,70.7,52/11000,,international 6-speed,standard,-,2080x790x1090,790,178,15,,-,,-,,
Currently no quotation available,Norton,Cruising Crown Prince,Imported,,dual cylinder four stroke air-cooled  745cc,,,,-,-,-,,,,10,,-,,-,,
Currently no quotation available,Norton,,,,with a,,,,-,-,-,,,,23,,-,,-,,
Currently no quotation available,Norton,,,,dual cylinder two-stroke air-cooled  588cc,,,,-,,-,,,,23,,-,,-,,
13680,Weiyina,pedal,,Zhejiang Jianying Locomotive Co.,single cylinder four stroke water-cooled  150cc,14.3,10.5/8500,,CVT continuously variable transmission automatic transmission,standard,without,1980x780x1138,765,130,11,115,2.4,,400,for,"Cement Grey, Dazzling Matte Grey, Pearl White, Crimson Red, Lightning Silver, Deep Sea Blue, Matte Black"
13680,Weiyina,pedal,,Zhejiang Jianying Locomotive Co.,single cylinder four stroke water-cooled  150cc,14.3,10.5/8500,,CVT continuously variable transmission automatic transmission,standard,-,1960x730x1170,770,142,12,115,2.4,,400,for,
13680,Weiyina,pedal,,Zhejiang Jianying Locomotive Co.,single cylinder four stroke water-cooled  150cc,14.3,10.5/8500,,CVT continuously variable transmission automatic transmission,standard,-,2000x720x1155,,132,11,115,2.4,,400,for,gray yellow
28800,Aisi,pedal,,Chinese manufacturer Geling New Energy Technology (Shandong) Co.,,,,,,standard,-,1954x703x1280,795,144,,110,,,235,for,"Starlight White, Starry Night Black, Starlight Grey Silver, Flame Red"
22800,Jun,Three Wheel,Domestic,,"single cylinder four stroke, 250cc",,,,-,-,-,,,,0,,-,,-,,
30800,Jun,Three Wheel,Domestic,,single cylinder four stroke  400cc,,,,-,-,-,,,,0,,-,,-,,
35800,Jun,Three Wheel,Domestic,,with 750cc,,,,-,-,-,,,,0,,-,,-,,
43800,Jun,Three Wheel,Domestic,,inline dual cylinder four stroke water-cooled  400cc,28.0,20.6/8300,,forward 6-speed+1-speed reverse,-,-,2300x1600x1050,,270,26,130,3.5,,-,,
62150,Jun,Three Wheel,Domestic,,with 750cc,,,,-,-,-,,,,0,,-,,-,,
138000,Jun,Three Wheel,Domestic,,with 1000cc,,,,-,-,-,,,,0,,-,,-,,
Currently no quotation available,OPPEIN,pedal,,,,,,,,-,-,1730x745x1080,,,,50,,,-,,
Currently no quotation available,OPPEIN,pedal,,,,,,,,-,-,1890x685x1110,,,,50,,,-,,"New Bright Black/Firefly Green, New Bright Black/Flowing Gold Orange, New Bright Black/Chinese Red, New Taff White/Space Silver, Matte Iron Grey/Matte Pearl Black"
Currently no quotation available,OPPEIN,pedal,,,,2.0,1.5/,,,-,-,1845x710x1090,,,,55,,,-,,"Bright, Blackened, Sky Blue/Bright Black, Noble Grey"
Currently no quotation available,OPPEIN,pedal,,,,,,,,-,-,1800x670x1080,,,,45,,,-,,"Liquid Metal Grey, Star Diamond Black, Star Shine Dark Green, High Gloss White/Matte Black, Cheese White/Glory Blue Grey, Cheese White/Brown Brown"
Currently no quotation available,OPPEIN,pedal,,,,,,,,-,-,1820x675x1130,,,,50,,,-,,"High gloss white, Star Diamond black, Noble blue, Electro Red, Liquid Metal Grey, Star Shine dark green"
Currently no quotation available,OPPEIN,pedal,,,,0.8,0.6/,,,-,-,1720x740x1080,,,,41,,,-,,"New Taff White, Mirror Black, Pearl Flow Blue, Illusion Brown Green, Honor Blue Grey, Silk Red/Dark Stone Green/Khaki White"
Currently no quotation available,OPPEIN,pedal,,,,,,,,-,-,1740x700x1100,,,,45,,,-,,"Crystal Diamond White, Tea Grey, New Light Grey, S800 Galaxy Blue, Brown Brown/Cream Yellow/Khaki White, Elegant Blue Blue/Sunset Orange/Star Diamond White"
Currently no quotation available,OPPEIN,pedal,,,,,,,,-,-,1810x655x1060,,,,50,,,-,,
Currently no quotation available,OPPEIN,pedal,,,,0.8,0.6/,,,-,-,1830x690x1080,,,,41,,,-,,"New Taff White, Mirror Black, Liquid Metal Grey, Plated Turquoise Green, Honor Blue Grey, Plated Gemstone Brown"
Currently no quotation available,OPPEIN,pedal,,Wuxi Shengbao Vehicle Manufacturing Co.,,,,,,-,-,2170x745x1200,,195,,100,,,-,,
Currently no quotation available,OPPEIN,pedal,,,,0.5,0.4/,,,-,-,1730x685x1020,,,,25,,,-,,"New Taff White, New Bright Black, Grey Charm Blue, Illusion Azure Cloud Grey, Metal Titanium Grey"
Currently no quotation available,OPPEIN,pedal,,,,0.5,0.4/,,,-,-,1720x700x1080,,,,25,,,-,,"khaki white/cardamom khaki green, khaki white/bay blue/silk red, electroplated turquoise green, aurora diamond gray, rock gray, star diamond black"
Currently no quotation available,OPPEIN,pedal,,,,0.5,0.4/,,,-,-,1700x730x1025,,,,25,,,-,,"Star Blank/Fluorescent Green, Energy Grey/Fluorescent Green, Light Lotus Root Powder/Mousse Red, Pearl Nice Blue/Bay Blue, Grid Grey/Glutinous Yellow"
Currently no quotation available,OPPEIN,pedal,,,,0.5,0.4/,,,-,-,1720x700x1080,,,,25,,,-,,"Khaki White/Pearl Fruit Green, Khaki White/Dark Stone Green/Duckling Yellow, Khaki White/S800 Wind Orange, Khaki White/Pearl Falling Cherry Powder, Golden Powder Family/Jelly Orange, Colorful Volcano Purple/Moonlight Gold, Aurora Diamond Grey/Moonlight Gold"
Currently no quotation available,OPPEIN,pedal,,,,0.5,0.4/,,,-,-,1720x720x1070,,,,25,,,-,,"Star Diamond White/Moonlight Gold, Star Grey/Earth Gold, Glacier Blue/Moonlight Gold, Pearl Brown Brown Brown/Cheese White/Moonlight Gold, Beauty Powder/Cheese White, Mood Green/Cheese White"
Currently no quotation available,OPPEIN,pedal,,,,0.5,0.4/,,,-,-,1600x720x1050,,,,25,,,-,,"New Taff White, Liquid Metal Grey, New Pearl Glacier Blue, Illusion Volcanic Purple, Brown Brown/Milk White, Silk Red/Dark Stone Green/Milk White"
Currently no quotation available,OPPEIN,pedal,,,,0.5,0.4/,,,-,-,1660x730x1100,,,,25,,,-,,khaki white
Currently no quotation available,OPPEIN,pedal,,,,0.5,0.4/,,,-,-,1700x730x1025,,,,25,,,-,,"Star Blank/Fluorescent Green, Metal Titanium Grey, Pearl NICE Blue, Elegant Green/Fluorescent Orange, Pepper White/Fluorescent Orange"
Currently no quotation available,OPPEIN,pedal,,,,0.5,0.4/,,,-,-,1700x750x1060,,,,5025,,,-,,"Star Diamond White, Manny Brilliant Blue/Earth Gold, Galaxy Blue/Earth Gold, Starlight Grey/Earth Gold, Aurora Diamond Grey/Earth Gold, Tea Grey/Earth Gold"
Currently no quotation available,OPPEIN,pedal,,,,0.5,0.4/,,,-,-,1760x720x1060,,,,25,,,-,,"Star Blank/Elegant Clear Summer Green/Elegant Light Apricot Yellow, Starry Sky White/Pearl Light Purple Blue/Elegant Sunset Orange, Metal Titanium Grey, Pearl Matcha Green, Matte Black"
Currently no quotation available,OPPEIN,pedal,,,,0.5,0.4/,,,-,-,1610x720x1040,,,,25,,,-,,"Pepper White/Light Orange, Pepper White/Plant Green, Starry Sky White/Rose Red, Starry Sky White, Elegant Grey, Pearl NICE Blue"
Currently no quotation available,OPPEIN,pedal,,,,0.5,0.4/,,,-,-,1700x720x1070,,,,25,,,-,,"pepper white/dark green/silky red, starry white/silky red/English blue, pig powder, plant green, cream yellow, starry white"
Currently no quotation available,OPPEIN,pedal,,,,0.5,0.4/,,,-,-,1700x730x1025,,,,25,,,-,,"Star Blank/Fluorescent Green, Metal Titanium Grey, Pepper White/Fluorescent Orange, Elegant Green/Fluorescent Orange, Pearl NICE Blue"
Currently no quotation available,OPPEIN,pedal,,,,0.5,0.4/,,,-,-,1700x720x1080,,,,25,,,-,,
Currently no quotation available,OPPEIN,pedal,,,,0.5,0.4/,,,-,-,1690x720x1070,,,,25,,,-,,
Currently no quotation available,OPPEIN,pedal,,,,0.5,0.4/,,,-,-,1720x700x1080,,,,25,,,-,,"khaki white/cardamom khaki green/sticky yellow, khaki white/pearl light orange, gradient liquid purple/moonlight gold, khaki white/brown/sticky yellow, Naduo gray/moonlight gold"
Currently no quotation available,OPPEIN,pedal,,,,0.5,0.4/,,,-,-,1710x710x1060,,,,25,,,-,,"Pepper White/Dark Stone Green/Silk Red, Starry Sky White/Ocean Blue/Crystal Orange, Elegant Green, Eevee Purple, Yama Black, Elegant Grey"
Currently no quotation available,OPPEIN,pedal,,,,0.5,0.4/,,,-,-,1710x710x1060,,,,25,,,-,,"New Taff White/Elegant Green, New Taff White/Elegant Orange, New Taff White/Eevee Purple, Colorful Volcano Purple, Elegant Blue, Elegant Grey"
Currently no quotation available,OPPEIN,pedal,,,,0.5,0.4/,,,-,-,1730x685x1020,,,,25,,,-,,"New Taff White, New Bright Black, Illusion Volcanic Purple, Illusion Azure Cloud Grey, Metal Titanium Grey"
Currently no quotation available,OPPEIN,pedal,,,,0.5,0.4/,,,-,-,1660x720x1070,,,,25,,,-,,"Khaki White/Elegant Clear Green, Khaki White/Colorful Mist Light Orange, Star Diamond White/Thin Flower Blue, Khaki White/Brown Brown, Khaki White/Jelly Orange, Star Diamond White/Elegant Quiet Blue/Beautiful Red"
Currently no quotation available,OPPEIN,pedal,,,,0.5,0.4/,,,-,-,1700x740x1050,,,,25,,,-,,"Pepper White/Bay Blue, Pepper White/Dark Stone Green, Pepper White/Vibrant Yellow, Starry Sky White, Pearl NICE Blue, Swan Grey"
Currently no quotation available,OPPEIN,pedal,,,,0.5,0.4/,,,-,-,1760x690x1060,,,,25,,,-,,"New Taff White, New Bright Black, Fantasy Volcanic Purple, Fantasy Star Radiant Brown, Metallic Titanium Grey, Pepper White/Silk Red/British Blue"
Currently no quotation available,OPPEIN,pedal,,,,0.5,0.4/,,,-,-,1960x710x1040,,,,25,,,-,,
Currently no quotation available,OPPEIN,pedal,,,,0.5,0.4/,,,-,-,1660x720x1070,,,,25,,,-,,"khaki white/brown brown, khaki white/matcha green, new taffeta white/sub red gold, bright black/sub red gold, iridescent brown green/sub red gold, liquid metal gray/sub red gold"
Currently no quotation available,OPPEIN,pedal,,,,0.5,0.4/,,,-,-,1760x690x1060,,,,25,,,-,,
Currently no quotation available,OPPEIN,pedal,,,,0.5,0.4/,,,-,-,1730x700x1070,,,,25,,,-,,"Mirror Black, New Taff White, Liquid Metal Grey, Honor Blue Grey, Illusion Brown Green, New Taff White/Silk Red/British Blue"
Currently no quotation available,OPPEIN,pedal,,,,0.8,0.6/,,,-,-,1770x715x1060,,,,43,,,-,,"Star Blank, Mirror Black, Lava Red, Sports Aurora Green, Geely Silver"
Currently no quotation available,OPPEIN,pedal,,,,,,,,-,-,1810x705x1130,,,,,,,-,,
Currently no quotation available,OPPEIN,pedal,,,,,,,,-,-,1735x750x1060,,,,45,,,-,,"Taff White, Elegant Blue, Metallic Titanium Grey, Elegant Green, Mirror Black"
Currently no quotation available,OPPEIN,pedal,,,,0.7,0.5/,,,-,-,1530x720x1060,,,,,,,-,,"Pearl Milk White, Yi Dong Grey, Plant Green, Pearl Milk White/Chinese Red/Dark Stone Green, Yibei Purple, Duckling Yellow"
Currently no quotation available,OPPEIN,pedal,,,,0.7,0.5/,,,-,-,1530x720x1020,,,,39,,,-,,"Color Crystal Orange/Color Crystal Light Blue/Silk White, Vitality Yellow/Pearl Army Grey/Silk White, Silk White, Swan Grey, Thousand Bird Brown, Pearl Revival Green"
Currently no quotation available,OPPEIN,pedal,,,,0.5,0.4/,,,-,-,1685x680x1060,,,,,,,-,,"Star Blank, Mirror Black, Sports Aurora Green, Vitality Yellow, Metal Titanium Grey"
Currently no quotation available,OPPEIN,pedal,,,,0.8,0.6/,,,-,-,1690x740x1100,,,,41,,,-,,"Brown Brown, Nado Green, Pearl Dazzling Orange, Rainbow Vine Purple, Rainbow Honey Pink, Starry Sky White"
Currently no quotation available,OPPEIN,pedal,,,,0.8,0.6/,,,-,-,1550x730x1070,,,,41,,,-,,"Rainbow Azure Grey, Rainbow Volcano Purple, Cherry Blossom Pink Blue, Metallic Titanium Grey, Pepper White/Dark Stone Green/Silk Red"
Currently no quotation available,OPPEIN,pedal,,,,,,,,-,-,1690x740x1100,,,,45,,,-,,
Currently no quotation available,OPPEIN,pedal,,,,,,,,-,-,1820x730x1070,,,,50,,,-,,
Currently no quotation available,OPPEIN,pedal,,,,,,,,-,-,1740x725x1060,,,,,,,-,,"Pearl Fruit Green, Pearl Fruit Blue, New Flame Red, Quantum Blue Grey, Interstellar Grey, Moonstone White"
Currently no quotation available,OPPEIN,pedal,,,,0.8,0.6/,,,-,-,1820x720x1070,,,,,,,-,,"Silk White, Vitality Yellow, New Flame Red, Crystal Light Blue, Crystal Light Purple, Crystal Light Grey"
Currently no quotation available,OPPEIN,pedal,,,,0.5,0.4/,,,-,-,1705x710x1050,,,,25,,,-,,"Taff white, cool red, matte black, metallic titanium gray, Bentley blue"
Currently no quotation available,OPPEIN,pedal,,,,0.5,0.4/,,,-,-,1710x730x1090,,,,25,,,-,,"pepper white, matte black, starry sky white, lilac linglong gold, Bentley blue"
Currently no quotation available,OPPEIN,pedal,,,,0.5,0.4/,,,-,-,1710x730x1090,,,,25,,,-,,
Currently no quotation available,OPPEIN,pedal,,,,,,,,-,-,1810x705x1130,,,,,,,-,,
Currently no quotation available,OPPEIN,pedal,,,,,,,,-,-,1810x705x1130,,,,,,,-,,
Currently no quotation available,OPPEIN,pedal,,,,2.0,1.5/,,,-,-,1845x710x1090,,,,60,,,-,,"Crystal White, Mirror Black, Elegant Molten Gold, Metal Dark Mist Grey, Star Shine Red"
Currently no quotation available,OPPEIN,pedal,,,,0.8,0.6/,,,-,-,1750x680x1070,,,,42,,,-,,"Cheese White/Sunshine Orange, Cheese White/Pearl Brown Brown, Cheese White/Pearl Lake Blue, Cheese White/Mini Pink, Swedish Grey, Cheese White/Dark Stone Green/Morning Mist Red"
Currently no quotation available,OPPEIN,pedal,,,,0.8,0.6/,,,-,-,1540x680x960,,,,,,,-,,"khaki white/cardamom khaki green, khaki white/brown brown, khaki white/thin floral blue, khaki white/jelly orange, Nado gray"
Currently no quotation available,OPPEIN,pedal,,,,0.8,0.6/,,,-,-,1690x740x1100,,,,41,,,-,,"New Taff White, Rainbow Volcano Purple, Pearl Milk Shake Powder, Light Purple/Pearl Purple, Pearl Milk Shake Green/Lime Green"
Currently no quotation available,OPPEIN,pedal,,,,0.8,0.6/,,,-,-,1800x660x1080,,,,,,,-,,
Currently no quotation available,OPPEIN,pedal,,,,0.5,0.4/,,,-,-,1700x750x1060,,,,25,,,-,,"Brown Brown, Romantic Green, Sunshine Orange, Swedish Grey, Bondi Blue/Sicilian Blue, Tomato Red"
Currently no quotation available,OPPEIN,pedal,,,,0.8,0.6/,,,-,-,1690x740x1100,,,,41,,,-,,"Pepper White/Dark Stone Green/Silk Red, Mirror Black, Illusion Volcanic Purple, Illusion Azure Cloud Grey, Plated Knight Blue"
Currently no quotation available,OPPEIN,pedal,,,,,,,,-,-,1680x700x1070,,,,,,,-,,"Elegant Grey/Moonlight Gold, Cardamom Khaki Green/Glutinous Yellow, Mini Pink/Tomato Red, Cheese White/Dark Stone Green/Camellia Red, Cheese White/Brown Brown Brown, Cheese White/Pearl Lake Blue"
Currently no quotation available,OPPEIN,pedal,,,,0.8,0.6/,,,-,-,1760x700x1050,,,,,,,-,,"Star Blank, Pepper White/Silk Red/Dark Stone Green, Illusion Volcanic Purple, Illusion Azure Cloud Grey, Dimension White/Nado Green, Dimension White/Brown Brown Brown"
Currently no quotation available,OPPEIN,pedal,,,,0.5,0.4/,,,-,-,1710x700x1080,,,,,,,-,,"Pearl Coral Blue/Silk Silver/Space Silver/High gloss Black, Camellia Red/High gloss White/Space Silver/High gloss Black, Camellia Red/High gloss Black/Space Silver, Moore Green/Starlight Grey/High gloss Black, National Color Brilliant Blue/High gloss White/Space Silver"
Currently no quotation available,OPPEIN,pedal,,,,,,,,-,-,1845x710x1090,,,,,,,-,,"Taff White, New Bright Black, Illusion Azure Cloud Grey, Illusion Star Radiant Brown, Interstellar Grey, Titanium Blue"
Currently no quotation available,OPPEIN,pedal,,,,,,,,-,-,1780x690x1110,,,,50,,,-,,
Currently no quotation available,OPPEIN,pedal,,,,0.5,0.4/,,,-,-,1720x710x1090,,,,25,,,-,,"New Taff White, Mirror Black, Colorful Blue Extreme Grey, Illusion Brown Green, Liquid Metal Grey"
22800,Jun,Three Wheel,Domestic,,"single cylinder four stroke, 250cc",,,,-,-,-,,,,0,,-,,-,,
30800,Jun,Three Wheel,Domestic,,single cylinder four stroke  400cc,,,,-,-,-,,,,0,,-,,-,,
35800,Jun,Three Wheel,Domestic,,with 750cc,,,,-,-,-,,,,0,,-,,-,,
43800,Jun,Three Wheel,Domestic,,inline dual cylinder four stroke water-cooled  400cc,28.0,20.6/8300,,forward 6-speed+1-speed reverse,-,-,2300x1600x1050,,270,26,130,3.5,,-,,
62150,Jun,Three Wheel,Domestic,,with 750cc,,,,-,-,-,,,,0,,-,,-,,
138000,Jun,Three Wheel,Domestic,,with 1000cc,,,,-,-,-,,,,0,,-,,-,,
17800,Tanli,Off road,Domestic,,,,,,,-,-,1850x770x1080,810,59,,75,,,100,,
24980,Tanli,Off road,Domestic,,,,,,,-,-,1880x770x1088,840,67,,85,,,120,,Black Blue
,Boshaus,Cruising Crown Prince,Imported,,V-type eight cylinder four stroke water-cooled  7500cc,570.8,419.8/,,-,-,-,,,,0,,-,,-,,
,Boshaus,Cruising Crown Prince,Imported,,V-type eight cylinder four stroke water-cooled  7500cc,570.8,419.8/,,-,-,-,,,,0,,-,,-,,
,Boshaus,Cruising Crown Prince,Imported,,V-type eight cylinder four stroke water-cooled  6200cc,451.1,331.8/5900,,-,-,-,,,,0,,-,,-,,
Currently no quotation available,Arnos,pedal,,Chinese manufacturer Qingqi Group Jiangmen Lightspeed Motorcycle Co.,single cylinder four stroke water-cooled  150cc,,,,CVT continuously variable transmission automatic transmission,-,-,1940x740x1185,,133,0,85,-,,-,,
Currently no quotation available,Arnos,pedal,,Chinese manufacturer Qingqi Group Jiangmen Lightspeed Motorcycle Co.,single cylinder four stroke water-cooled  150cc,13.6,10/,,CVT continuously variable transmission automatic transmission,-,-,1990x700x1125,,116,0,85,-,,-,,
Currently no quotation available,Arnos,pedal,,Chinese manufacturer Qingqi Group Jiangmen Lightspeed Motorcycle Co.,single cylinder four stroke water-cooled  150cc,13.6,10/,,CVT continuously variable transmission automatic transmission,-,-,1971x784x1195,,135,0,85,-,,-,,
7980,Caesar,Retro,Domestic,Chongqing Dalong Yufeng Motorcycle Manufacturing Co.,single cylinder four stroke air-cooled  150cc,11.6,8.5/8500,,-,,-,182x80x1040,700,119,12.5,95,-,,-,,
7380,Strength,pedal,,,single cylinder four stroke air-cooled  125cc,7.3,5.4/6000,,CVT continuously variable transmission automatic transmission,none,standard,1950x700x1350,,116,10,85,-,,450,,"yellow, white, red"
7980,Strength,pedal,,Yiyang Jincheng Motorcycle Co.,single cylinder four stroke air-cooled  125cc,7.1,5.2/,,CVT continuously variable transmission automatic transmission,standard,-,1880x720x1150,,105,0,80,-,,-,,
,Strength,pedal,,Yiyang Jincheng Motorcycle Co.,single cylinder four stroke air-cooled  125cc,7.1,5.2/,,CVT continuously variable transmission automatic transmission,-,-,1940x720x1220,,108,0,80,-,,-,,
,Strength,pedal,,Yiyang Jincheng Motorcycle Co.,single cylinder four stroke air-cooled  125cc,7.1,5.2/,,CVT continuously variable transmission automatic transmission,-,-,1865x670x1120,,104,0,80,-,,-,,
,Strength,pedal,,Yiyang Jincheng Motorcycle Co.,single cylinder four stroke air-cooled  125cc,7.1,5.2/,,CVT continuously variable transmission automatic transmission,-,-,1880x680x1130,,104,0,80,-,,-,,
,Strength,pedal,,Yiyang Jincheng Motorcycle Co.,single cylinder four stroke air-cooled  125cc,7.1,5.2/,,CVT continuously variable transmission automatic transmission,-,-,1880x710x1110,,103,0,80,-,,-,,
,Strength,pedal,,Yiyang Jincheng Motorcycle Co.,single cylinder four stroke air-cooled  125cc,7.1,5.2/,,CVT continuously variable transmission automatic transmission,-,-,1900x675x1120,,100,0,80,-,,-,,
,Strength,pedal,,Yiyang Jincheng Motorcycle Co.,single cylinder four stroke air-cooled  125cc,7.1,5.2/,,CVT continuously variable transmission automatic transmission,-,-,1945x675x1065,,106,0,80,-,,-,,
,Strength,pedal,,Yiyang Jincheng Motorcycle Co.,single cylinder four stroke air-cooled  125cc,7.1,5.2/,,CVT continuously variable transmission automatic transmission,-,-,1880x720x1150,,105,0,80,-,,-,,
,Strength,pedal,,Yiyang Jincheng Motorcycle Co.,single cylinder four stroke air-cooled  125cc,7.1,5.2/,,CVT continuously variable transmission automatic transmission,-,-,1825x680x1060,,94,0,80,-,,-,,
,Strength,pedal,,Yiyang Jincheng Motorcycle Co.,single cylinder four stroke air-cooled  125cc,7.1,5.2/,,CVT continuously variable transmission automatic transmission,,-,1880x720x1150,,105,0,80,-,,-,,
,Strength,Retro,Domestic,Yiyang Jincheng Motorcycle Co.,single cylinder four stroke air-cooled  125cc,9.8,7.2/,,-,None,without,2020x730x1110,,122,0,85,-,,-,,
,Strength,Retro,Domestic,Yiyang Jincheng Motorcycle Co.,single cylinder four stroke air-cooled  150cc,11.1,8.2/,,-,-,-,2040x780x1060,,122,0,85,-,,-,,
,Strength,bending beam,,Yiyang Jincheng Motorcycle Co.,single cylinder four stroke air-cooled  125cc,8.2,6/,,-,,-,1930x710x1110,,97,0,80,-,,-,,
Currently no quotation available,ARCH,Cruising Crown Prince,Imported,,V-type twin cylinder four stroke air-cooled  2030cc,,,,international 6-speed,standard,-,,,,0,,-,,-,,
Currently no quotation available,ARCH,Cruising Crown Prince,Imported,,with 2340cc,,,,international 6-speed,standard,-,,,,0,,-,,-,,
Currently no quotation available,ARCH,Cruising Crown Prince,Imported,,V-type twin cylinder four stroke air-cooled  2030cc,,,,international 6-speed,standard,-,,,,0,,-,,-,,
Currently no quotation available,Yaxiang,Off road,Domestic,,single cylinder air-cooled  125cc,,,,-,None,without,,,,0,,-,,-,,
Currently no quotation available,Yaxiang,Off road,Domestic,,single cylinder  150cc,,,,-,None,without,,,,0,,-,,-,,
Currently no quotation available,Yaxiang,Off road,Domestic,,single cylinder four stroke water-cooled  250cc,25.8,19/9000,,international 6-speed,none,without,,945,,8,,-,,-,,
Currently no quotation available,Yaxiang,Off road,Domestic,,single cylinder four stroke water-cooled  250cc,25.8,19/9000,,-,None,without,,945,,8,,-,,-,,
Currently no quotation available,Yaxiang,Off road,Domestic,,single cylinder four stroke water-cooled  450cc,,,,-,None,without,,960,,8,,-,,-,,
Currently no quotation available,Yaxiang,Off road,Domestic,,single cylinder four stroke water-cooled  450cc,,,,-,None,without,,960,,8,,-,,-,,
Currently no quotation available,Yaxiang,Off road,Domestic,,single cylinder four stroke water-cooled  250cc,25.8,19/,,-,None,without,,960,,8,,-,,-,,
Currently no quotation available,Yaxiang,Off road,Domestic,,single cylinder four stroke water-cooled  450cc,46.9,34.5/,,-,None,without,,960,,8,,-,,-,,
14800,Runtong,Retro,Domestic,,single cylinder four stroke air-cooled  250cc,19.3,14.2/8500,,international 6-speed,-,-,1995x768x1060,800,,14,105,2.5,,-,,
15800,Runtong,Retro,Domestic,,single cylinder four stroke air-cooled  250cc,19.3,14.2/8500,,international 6-speed,-,-,1995x768x1060,800,,14,110,2.2,,-,,
Currently no quotation available,Pengcheng,", sports car,",,,single cylinder  200cc,13.9,10.2/,,-,-,-,2055x730x1135,,160,0,95,-,,-,,
Currently no quotation available,Pengcheng,pedal,,Ningbo Dongfang Lingyun Vehicle Manufacturing Co.,single cylinder four stroke water-cooled  125cc,7.1,5.2/,,CVT continuously variable transmission automatic transmission,-,-,1860x650x1110,,92,0,86,-,,-,,
17880,MINFF,Off road,Domestic,,single cylinder four stroke water-cooled  250cc,27.2,20/9000,,international 6-speed,-,-,2170x830x1280,900,115.35,8,136,-,,-,,red and white
28880,MINFF,Off road,Domestic,,single cylinder four stroke water-cooled  250cc,43.5,32/11000,,international 5-speed,-,-,2170x830x1280,900,106,7.7,,3,,-,,
23980,MINFF,Off road,Domestic,,single cylinder four stroke water-cooled  300cc,34.0,25/9000,,international 6-speed,-,-,2170x830x1280,950,112,6,,3,,-,,
24880,MINFF,Off road,Domestic,,single cylinder four stroke water-cooled  250cc,43.5,32/11000,,international 5-speed,-,-,2170x830x1280,950,108,7,,-,,-,,
48000,ridicule,Off road,Domestic,Huanghe New Energy Vehicle Co.,,11.6,8.5/3500,,,,standard,1970x760x1260,820,,,85,,,180.,,
18800,Journey,pedal,,,single cylinder four stroke water-cooled  250cc,23.1,17/8000,,CVT continuously variable transmission automatic transmission,standard,without,2210x785x1280,,182,13,125,-,,-,,
,Boer,,,,with 1126cc,,,,-,-,-,,810,,20.1,,-,,-,,
,Boer,,,,with 1126cc,,109/9000,,-,-,-,,831,,20.1,,-,,-,,
,Boer,,,,dual cylinder four stroke air-cooled  1203cc,104.7,77/6800,,-,-,-,,859,,16.7,,-,,-,,
,Boer,,,,dual cylinder four stroke air-cooled  1203cc,104.7,77/6800,,-,-,-,,836,,16.7,,-,,-,,
,Boer,,,,dual cylinder four stroke air-cooled  1203cc,104.7,77/6800,,-,-,-,,843,,16.7,,-,,-,,
,Boer,,,,dual cylinder four stroke air-cooled  1203cc,104.7,77/6800,,-,-,-,,759,,14.5,,-,,-,,
,Boer,,,,dual cylinder four stroke oil cooling  1203cc,93.8,69/7000,,-,-,-,,765,,14.5,,-,,-,,
,Boer,,,,dual cylinder four stroke oil cooled  984cc,93.8,69/7500,,-,-,-,,813,,14.5,,-,,-,,
,Boer,,,,dual cylinder four stroke oil cooling  1203cc,104.7,77/6800,,-,,-,,810,,14.5,,-,,-,,
13976,Blue,pedal,,,,,,,,none,without,1880x700x1200,760,116,,80,,,160,,"Cloud Ink Black, Autumn Moon White"
15976,Blue,pedal,,,,,,,,none,standard,1880x700x1200,760,116,,80,,,160,,
4999,Moling,pedal,,,,0.5,0.35/,,,,-,1670x655x1060,,,,25,,,70,,"Titanium Grey Silver, Night Grey, Moon White, Retro Brown, Leap Horse Red, Blue Gold Blue"
Currently no quotation available,Moling,pedal,,Zhejiang Qianjiang Motorcycle Co.,,,,,,none,standard,1850x685x1080,740,110,,80,,,72,,
22999,Moling,Off road,Domestic,Zhejiang Qianjiang Motorcycle Co.,,,,,,none,without,1960x765x1080,815,64,,45,,,75,,
Currently no quotation available,Moling,Off road,Domestic,,,0.5,0.35/,,,-,-,1330x550x790,550,18,,30,,,30,,"Luo Xiaohei, Baron Red, Xie Sita White, Vitality Blue"
7180,Kunhao,pedal,,Jiangsu Meijunte Technology Co.,single cylinder four stroke air-cooled  125cc,9.2,6.8/7500,,CVT continuously variable transmission automatic transmission,-,standard,1820x710x1160,760,100,8.5,80,2.37,,300,for,"white, silver, gray, blue, frosted black"
8180,Kunhao,pedal,,Jiangsu Meijunte Technology Co.,single cylinder four stroke air-cooled  125cc,9.2,6.8/7500,,CVT continuously variable transmission automatic transmission,-,standard,1810x735x1120,760,106,9,80,2.37,,300,for,"white, white with dividends, frosted gray, frosted black"
7280,Zhaohu,MINI,Domestic,Chongqing Zhongling Zhaohu Locomotive Manufacturing Co.,single cylinder four stroke air-cooled  150cc,11.1,8.2/8500,,cycle 5-speed,,-,1825x780x1050,700,115,8,90,-,,-,,"pearl white, ivory white, starry sky blue, bay blue, military green"
Currently no quotation available,CONFEDERATE,Cruising Crown Prince,Imported,,with 2160cc,,,,international 6-speed,standard,-,,724,,11.4,277,-,,-,,
8000,Flash,pedal,,Yongkang Flash Technology Co.,,,,,,-,-,1920x380x1200,850,,,100,,,55,,
8888,Flash,pedal,,Yongkang Flash Technology Co.,,,,,,-,-,,850,,,100,,,55,,
9999,Flash,pedal,,Yongkang Flash Technology Co.,,,,,,-,-,1920x380x1200,850,,,100,,,55,,
,flash,pedal,,Yongkang Flash Technology Co.,,,,,,-,-,,,,,,,,-,,
,flash,Off road,Domestic,Zhejiang Flash Intelligent Technology Co.,,,,,,-,-,,,,,,,,-,,
,flash,Three Wheel,Domestic,Zhejiang Flash Intelligent Technology Co.,,,,,,-,-,,,,,,,,-,,
,zero,Cruising Crown Prince,Imported,,1300cc,,,,-,-,-,2290x690x980,640,260,10,,-,,-,,
,beta,Off road,Imported,,,,,,,-,-,1400x600x900,695,,,,,,-,,
,beta,Off road,Imported,,,,,,,-,-,1600x650x970,575,,,,,,-,,
,beta,tension,imported,,single cylinder four stroke water-cooled  125cc,,,,-,-,-,2115x820x1215,925,,7.3,,-,,-,,
,beta,tension,imported,,single cylinder two-stroke water-cooled  249cc,,,,-,-,-,2172x815x1270,930,,9.5,,-,,-,,
,beta,tension,imported,,single cylinder four stroke water-cooled  349cc,,,,-,-,-,2180x807x1270,940,,8.4,,-,,-,,
,beta,tension,imported,,,,,,-,-,-,2180x807x1270,940,,8.4,,-,,-,,
,beta,Off road,Imported,,single cylinder four stroke water-cooled  385cc,,,,-,-,-,2180x807x1270,940,,8,,-,,-,,
,beta,tension,imported,,single cylinder four stroke water-cooled  448cc,,,,-,-,-,2180x807x1270,940,,8.5,,-,,-,,
,beta,tension,imported,,single cylinder four stroke water-cooled  477cc,,,,-,-,-,2180x807x1270,940,,8,,-,,-,,
,beta,tension,imported,,single cylinder four stroke water-cooled  510cc,,,,-,-,-,2270x813x1255,940,,8.5,,-,,-,,
,beta,Off road,Imported,,single cylinder two-stroke water-cooled  190cc,,,,-,-,-,2167x815x1270,930,,9.5,,-,,-,,
,beta,Off road,Imported,,single cylinder two-stroke water-cooled  49cc,,,,-,-,-,2052x805x1190,930,,6.5,,-,,-,,
,beta,Off road,Imported,,single cylinder four stroke water-cooled  350cc,,,,-,-,-,,940,,9,,-,,-,,
,beta,Off road,Imported,,single cylinder two-stroke water-cooled  124cc,,,,-,-,-,2167x815x1270,930,,9.5,,-,,-,,
,beta,Off road,Imported,,single cylinder two-stroke water-cooled  249cc,,,,-,-,-,2172x815x1270,930,,9.5,,-,,-,,
,beta,Off road,Imported,,single cylinder two-stroke water-cooled  250cc,,,,-,-,-,2157x802x1245,910,,8.5,,-,,-,,
,beta,tension,imported,,single cylinder four stroke air-cooled  349cc,,,,-,-,-,2159x860x1220,870,,10.5,,-,,-,,
,beta,tension,imported,,single cylinder four stroke water-cooled  125cc,,,,-,-,-,2192x820x1185,886,,7.3,,-,,-,,
,beta,tension,imported,,single cylinder four stroke  398cc,,,,-,-,-,2200x820x1220,910,123,8.5,,-,,-,,
,beta,tension,imported,,single cylinder four stroke water-cooled  510cc,,,,-,-,-,2270x813x1255,940,,8.5,,-,,-,,
,beta,Off road,Imported,,single cylinder two-stroke water-cooled  50cc,,,,-,-,-,2000x805x1155,900,,6.5,,-,,-,,
,beta,Off road,Imported,,single cylinder four stroke water-cooled  300cc,,,,-,-,-,1990x850x1115,660,,2.8,,-,,-,,
,beta,Off road,Imported,,single cylinder two-stroke water-cooled  80cc,,,,-,-,-,1925x815x1127,678,,2.5,,-,,-,,
,beta,Off road,Imported,,single cylinder two-stroke water-cooled  80cc,,,,-,-,-,1850x720x1070,620,,2.5,,-,,-,,
,beta,Off road,Imported,,single cylinder four stroke water-cooled  350cc,,,,-,-,-,,,,0,,-,,-,,
,beta,Off road,Imported,,single cylinder four stroke water-cooled  449cc,,,,-,-,-,,,,0,,-,,-,,
,beta,Off road,Imported,,single cylinder four stroke  497cc,,,,-,-,-,,,,0,,-,,-,,
,beta,tension,imported,,single cylinder four stroke water-cooled  349cc,,,,-,-,-,,,,7.9,,-,,-,,
,beta,tension,imported,,single cylinder four stroke water-cooled  398cc,,,,-,-,-,,,,7.9,,-,,-,,
,beta,tension,imported,,single cylinder four stroke water-cooled  431cc,,,,-,-,-,,930,,7.9,,-,,-,,
,beta,tension,imported,,single cylinder four stroke water-cooled  449cc,,,,-,-,-,,,,7.9,,-,,-,,
,beta,tension,imported,,single cylinder four stroke water-cooled  497cc,,,,-,-,-,,,,7.9,,-,,-,,
,beta,Off road,Imported,,single cylinder four stroke water-cooled  349cc,,,,-,-,-,,,,0,,-,,-,,
,beta,Off road,Imported,,398cc,,,,-,-,-,,,,0,,-,,-,,
,beta,Off road,Imported,,single cylinder four stroke water-cooled  497cc,,,,-,-,-,,,,0,,-,,-,,
,beta,tension,imported,,single cylinder four stroke air-cooled  124cc,,,,-,-,-,2150x820x1150,850,,6.8,,-,,-,,
,beta,tension,imported,,single cylinder four stroke air-cooled  200cc,,,,-,-,-,211x80x1107,830,,6,,-,,-,,
,beta,Off road,Imported,,single cylinder four stroke air-cooled  349cc,,,,-,-,-,2185x860x1230,865,,10.5,,-,,-,,
,beta,tension,imported,,single cylinder four stroke air-cooled  123cc,,,,-,-,-,2070x820x1200,890,110,6.7,,-,,-,,
5598,is,pedal,,Zhejiang Yamazaki Okada Car Industry Co.,,0.5,0.4/,,,-,-,1570x675x1025,,,,25,,,100,,"Moonstone White, Thousand Bird Brown, Soul Red, Mini Blue, Dark Grey"
7999,is,pedal,,Zhejiang Yamazaki Okada Car Industry Co.,,,,,,-,-,1750x745x1100,745,,,60,,,78,,"Moonstone White, Dark Grey"
14298,is,pedal,,Zhejiang Yamazaki Okada Car Industry Co.,,,,,,-,-,1900x750x1165,,,,72,,,160,,"Sea Rock Blue Grey, Dark Grey, Titanium Grey, Star Wood Brown, Moonstone White"
Currently no quotation available,BRIXTON,,,,single cylinder four stroke air-cooled  125cc,11.3,8.3/9000,,-,,-,2020x850x1105,,,0,,2.7,,-,,
Currently no quotation available,BRIXTON,,,,single cylinder four stroke air-cooled  250cc,,,,-,standard,standard,2020x850x1105,,,0,,2.8,,-,,
Currently no quotation available,BRIXTON,retro,imported,,inline dual cylinder four stroke water-cooled  1200cc,81.6,60/6500,,international 6-speed,,-,,800,235,16,198,-,,-,,
Currently no quotation available,BRIXTON,,,,single cylinder four stroke  125cc,11.3,8.3/9000,,-,standard,standard,2020x760x1060,,,0,,2.7,,-,,
Currently no quotation available,BRIXTON,,,,single cylinder four stroke air-cooled  125cc,11.3,8.3/9000,,-,standard,standard,2020x850x1105,,,0,,2.7,,-,,
Currently no quotation available,BRIXTON,,,,single cylinder four stroke air-cooled  250cc,,13/7500,,-,standard,-,2050x850x1120,,,0,,2.7,,-,,
Currently no quotation available,BRIXTON,,,,single cylinder four stroke air-cooled  125cc,11.3,8.3/9000,,-,,standard,2020x850x1105,,,0,,2.7,,-,,
Currently no quotation available,BRIXTON,,,,single cylinder four stroke air-cooled  125cc,,8.3/9000,,-,standard,standard,2020x760x1135,,,0,,2.7,,-,,
15800,Huanjue,Three Wheel,Domestic,,single cylinder four stroke air-cooled  125cc,7.6,5.6/,,-,None,without,1890x1450x1110,760,140,0,75,-,,-,,
8680,G,pedal,,Yiyang Jincheng Motorcycle Co.,single cylinder four stroke air-cooled  125cc,9.2,6.8/7500,,CVT continuously variable transmission automatic transmission,standard,standard,1920x700x1040,720,102,5.5,100,2.3,,200,for,
18990,GOWOW,Off road,Domestic,Sichuan Haojie Motorcycle Manufacturing Co.,,,,,,-,-,1900x780x1100,890,70,,80,,,75,,gray/white
,GOWOW,Off road,Domestic,Sichuan Haojie Motorcycle Manufacturing Co.,,,,,,,-,1912x800x1090,890,76,,100,,,100.,,
13999,Xiaopa,pedal,,,,,,,,none,without,1670x718x1085,,84,,60,,,120,,
5800,Tianma,", street car,",,,single cylinder four stroke  150cc,,,,international gear,none,-,1980,780,118,12,90,-,,-,,
Currently no quotation available,Tianma,", street car,",,,single cylinder four stroke air-cooled  125cc,,,,-,,-,1970x695x1137,,,0,85,-,,-,,
Currently no quotation available,Hatford,Retro,Domestic,,single cylinder four stroke water-cooled  125cc,,,,international 5-speed,standard,-,2040x755x1070,,,13,,2.2,,-,,
Currently no quotation available,Hatford,Retro,Domestic,,single cylinder four stroke air-cooled  125cc,,,,international 5-speed,,-,1940x810x1050,,,10.3,,-,,-,,
Currently no quotation available,Hatford,Retro,Domestic,,single cylinder four stroke oil cooled  250cc,,,,international 5-speed,standard,-,2000x800x1070,,,12,,-,,-,,
Currently no quotation available,Hatford,Retro,Domestic,,single cylinder four stroke oil cooled  450cc,,,,international 5-speed,standard,-,2040x811x1030,,,15,,-,,-,,
Currently no quotation available,Hatford,Off road,Domestic,,single cylinder four stroke air-cooled  150cc,,,,international 5-speed,-,-,2110x850x1230,,,12,,-,,-,,
Currently no quotation available,Hatford,Off road,Domestic,,single cylinder four stroke air-cooled  250cc,,,,international 5-speed,,-,2110x850x1230,,,12,,-,,-,,
Currently no quotation available,Hatford,pedal,,,single cylinder four stroke water-cooled  300cc,,,,CVT continuously variable transmission,standard,-,2105x770x1280,,,12,,-,,-,,
6399,regional,pedal,,,single cylinder four stroke air-cooled  125cc,10.9,8/,,CVT continuously variable transmission automatic transmission,-,-,1790x700x1070,760,87,6,,-,,-,,
19900,Binsen,Off road,Domestic,,,8.8,6.5/,,,-,-,188x800x1100,860,63,,85,,,70,,
,Jirera,,,,single cylinder water-cooled  125cc,,,,-,-,-,,,,13,,-,,-,,
,Jirera,,,,single cylinder water-cooled  125cc,,,,-,-,-,,,,12,,-,,-,,
,Jirera,,,,single cylinder four stroke water-cooled  125cc,,,,-,-,-,,,140,13,,-,,-,,
,Jirera,,,,single cylinder water-cooled  125cc,,,,-,-,-,,,,0,,-,,-,,
,Jirera,,,,single cylinder water-cooled  125cc,,,,-,-,-,,760,,0,,-,,-,,
,Jirera,,,,single cylinder water-cooled  125cc,,,,-,-,-,,760,,0,,-,,-,,
,Jirera,,,,single cylinder four stroke water-cooled  125cc,,,,-,-,-,,,132,17,,-,,-,,
,Jirera,,,,single cylinder four stroke water-cooled  125cc,,,,-,-,-,,,132,17,,-,,-,,
,Jirera,,,,single cylinder four stroke water-cooled  350cc,,,,-,-,-,,,,21,,-,,-,,
,Jirera,,,,single cylinder four stroke water-cooled  500cc,,,,-,-,-,,,,21,,-,,-,,
,Jirera,,,,single cylinder four stroke water-cooled  125cc,,,,-,-,-,,,132,0,,-,,-,,
,Jirera,,,,single cylinder four stroke water-cooled  125cc,,,,-,-,-,,,132,0,,-,,-,,
,Jirera,,,,four cylinder four stroke  600cc,,,,-,-,-,,830,,18,,-,,-,,
,Jirera,,,,-,,,,-,-,-,,,,0,,-,,-,,
,Jirera,,,,single cylinder four stroke water-cooled  125cc,,,,-,-,-,,780,,10,,-,,-,,
,Jirera,,,,single cylinder four stroke water-cooled  180cc,,,,-,-,-,,780,,10,,-,,-,,
,Jirera,,,,single cylinder four stroke water-cooled  200cc,,,,-,-,-,,,,0,,-,,-,,
,Jirera,,,,single cylinder water-cooled  125cc,,,,-,-,-,,,134,0,,-,,-,,
,Jirera,,,,single cylinder four stroke water-cooled  200cc,,,,-,-,-,,,134,0,,-,,-,,
,Jirera,,,,single cylinder four stroke air-cooled  125cc,,,,-,-,-,,,,10,,-,,-,,
,Jirera,,,,single cylinder four stroke  200cc,,,,-,-,-,,,,13.4,,-,,-,,
,Jirera,,,,-,,,,-,-,-,,,,0,,-,,-,,
,Jirera,,,,single cylinder four stroke air-cooled  200cc,,,,-,-,-,,,,15,,-,,-,,
,Jirera,,,,single cylinder four stroke air-cooled  300cc,,,,-,-,-,,,,19,,-,,-,,
,Jirera,,,,single cylinder water-cooled  125cc,,,,-,-,-,,,,12,,-,,-,,
,Jirera,,,,single cylinder four stroke water-cooled  125cc,,,,-,-,-,,,,15,,-,,-,,
,Jirera,,,,single cylinder four stroke water-cooled  350cc,,,,-,-,-,,,,22,,-,,-,,
,Jirera,,,,single cylinder four stroke  500cc,,,,-,-,-,,,,22,,-,,-,,
,Jirera,,,,-,,,,-,-,-,,,,0,,-,,-,,
,Jirera,,,,single cylinder water-cooled  125cc,,,,-,-,-,,,,0,,-,,-,,
,Jirera,,,,single cylinder four stroke water-cooled  125cc,,,,-,-,-,,,,12,,-,,-,,
,Jirera,,,,single cylinder four stroke water-cooled  250cc,,,,-,-,-,,,,22,,-,,-,,
,Jirera,,,,single cylinder four stroke water-cooled  600cc,,,,-,-,-,,,,0,,-,,-,,
,Jirera,,,,single cylinder four stroke water-cooled  350cc,,,,-,-,-,,,,12,,-,,-,,
,Jirera,,,,single cylinder four stroke water-cooled  600cc,,,,-,-,-,,,173,12,,-,,-,,
,Jirera,,,,single cylinder four stroke water-cooled  125cc,,,,-,-,-,,,134,0,,-,,-,,
,Jirera,,,,single cylinder four stroke water-cooled  125cc,,,,-,-,-,,,134,0,,-,,-,,
,Jirera,,,,single cylinder four stroke water-cooled  125cc,,,,-,-,-,,,,21,,-,,-,,
,Jirera,,,,single cylinder three stroke water-cooled  250cc,,,,-,-,-,,,,0,,-,,-,,
,Jirera,,,,single cylinder four stroke water-cooled  600cc,,,,-,-,-,,,,12,,-,,-,,
,Jirera,,,,single cylinder four stroke water-cooled  600cc,,,,-,-,-,,,,12,,-,,-,,
,Jirera,,,,single cylinder four stroke water-cooled  600cc,,,,-,-,-,,,,12,,-,,-,,
,Jirera,,,,-,,,,-,-,-,,,,0,,-,,-,,
,Jirera,,,,single cylinder four stroke water-cooled  125cc,,,,-,-,-,,,137,15,,-,,-,,
,Jirera,,,,single cylinder four stroke water-cooled  125cc,,,,-,-,-,,,137,15,,-,,-,,
,Jirera,,,,single cylinder four stroke  125cc,,,,-,-,-,,,138,16,,-,,-,,
,Jirera,,,,single cylinder  125cc,,,,-,-,-,,,138,16,,-,,-,,
,Jirera,,,,,,,,-,-,-,,,,15,,-,,-,,
,Jirera,,,,single cylinder four stroke water-cooled  250cc,,,,-,-,-,,,,15,,-,,-,,
,Jirera,,,,single cylinder three stroke water-cooled  125cc,,,,-,-,-,,,,22,,-,,-,,
,Jirera,,,,single cylinder four stroke air-cooled  125cc,,,,-,-,-,,,,12,,-,,-,,
,Jirera,,,,-,,,,-,-,-,,,,0,,-,,-,,
,Jirera,,,,single cylinder four stroke water-cooled  125cc,,,,-,-,-,,,132,17,,-,,-,,
,Jirera,pedal,imported,,single cylinder four stroke water-cooled  125cc,,,,-,-,-,,810,,15,,-,,-,,
,Jirera,pedal,imported,,single cylinder four stroke water-cooled  500cc,,,,-,-,-,,765,,15,,-,,-,,
,Jirera,Three Wheel,Imported,,single cylinder four stroke water-cooled  500cc,,,,-,,-,,790,238,12,,-,,-,,
4499,Dongdong,pedal,,,,,,,,none,-,1628x744x1040,750,51.3,,25,,,100,,
10888,Dongdong,pedal,,Zhejiang Qianjiang Motorcycle Co.,,,,,,none,-,1666x670x1050,750,73,,48,,,-,,
,EBR,,,,1190cc,,,,-,-,-,,775,,17.1,,-,,-,,
,bead,pedal,,Zhejiang Jianying Locomotive Co.,single cylinder four stroke air-cooled  125cc,7.1,5.2/,,CVT continuously variable transmission automatic transmission,-,-,1935x645x1125,,105,0,80,-,,-,,
,bead,pedal,,Zhejiang Jianying Locomotive Co.,single cylinder four stroke air-cooled  125cc,7.1,5.2/,,CVT continuously variable transmission automatic transmission,-,-,1915x770x1200,,115,0,80,-,,-,,
,bead,pedal,,Zhejiang Jianying Locomotive Co.,single cylinder four stroke air-cooled  125cc,7.1,5.2/,,CVT continuously variable transmission automatic transmission,-,-,1820x670x1110,,105,0,80,-,,-,,
,bead,pedal,,Zhejiang Jianying Locomotive Co.,single cylinder four stroke air-cooled  125cc,7.1,5.2/,,CVT continuously variable transmission automatic transmission,-,-,1800x690x1100,,100,0,80,-,,-,,
,bead,pedal,,Zhejiang Jianying Locomotive Co.,single cylinder four stroke air-cooled  125cc,7.1,5.2/,,CVT continuously variable transmission automatic transmission,-,-,1815x715x1115,,103,0,80,-,,-,,
,bead,pedal,,Zhejiang Jianying Locomotive Co.,single cylinder four stroke air-cooled  124cc,7.1,5.2/,,CVT continuously variable transmission automatic transmission,-,-,1900x700x1130,,105,0,80,-,,-,,
,bead,pedal,,Zhejiang Jianying Locomotive Co.,single cylinder four stroke air-cooled  124cc,7.1,5.2/,,CVT continuously variable transmission automatic transmission,-,-,2020x740x1155,,105,0,80,-,,-,,
,bead,pedal,,Zhejiang Jianying Locomotive Co.,single cylinder four stroke air-cooled  124cc,7.1,5.2/,,CVT continuously variable transmission automatic transmission,-,-,1860x700x1130,,105,0,80,-,,-,,
,bead,pedal,,Zhejiang Jianying Locomotive Co.,single cylinder four stroke air-cooled  124cc,7.1,5.2/,,CVT continuously variable transmission automatic transmission,-,-,1815x695x1145,,102,0,80,-,,-,,
,bead,pedal,,Zhejiang Jianying Locomotive Co.,single cylinder four stroke air-cooled  124cc,7.1,5.2/,,CVT continuously variable transmission automatic transmission,-,-,1845x705x1110,,100,0,80,-,,-,,
,bead,pedal,,Zhejiang Jianying Locomotive Co.,single cylinder four stroke air-cooled  125cc,7.1,5.2/,,CVT continuously variable transmission automatic transmission,-,-,2045x750x1080,,115,0,80,-,,-,,
,bead,pedal,,Zhejiang Jianying Locomotive Co.,single cylinder four stroke air-cooled  125cc,7.1,5.2/,,CVT continuously variable transmission automatic transmission,-,-,1780x685x1100,,85,0,80,-,,-,,
Currently no quotation available,VELOCETTE,retro,imported,,-,,,,-,-,-,,,,0,,-,,-,,
Currently no quotation available,VELOCETTE,retro,imported,,single cylinder four stroke air-cooled  350cc,,,,-,-,-,,,,8.5,,-,,-,,
Currently no quotation available,VELOCETTE,retro,imported,,single cylinder four stroke air-cooled  350cc,,,,-,-,-,,,,11.4,,-,,-,,
Currently no quotation available,VELOCETTE,retro,imported,,", 150cc",,,,-,-,-,,,,5.7,,-,,-,,
Currently no quotation available,VELOCETTE,retro,imported,,,,,,-,-,-,,,,7.4,,-,,-,,
Currently no quotation available,VELOCETTE,retro,imported,,single cylinder four stroke air-cooled  350cc,,,,-,-,-,,,,11.4,,-,,-,,
Currently no quotation available,VELOCETTE,retro,imported,,single cylinder four stroke air-cooled,,,,-,-,-,2159x711x1016,,,11.4,,-,,-,,
Currently no quotation available,VELOCETTE,retro,imported,,single cylinder four stroke air-cooled  250cc,,,,-,-,-,,,,11.4,,-,,-,,
Currently no quotation available,VELOCETTE,retro,imported,,single cylinder four stroke air-cooled  500cc,,,,-,-,-,2130x700x990,775,,19.3,,-,,-,,
Currently no quotation available,VELOCETTE,retro,imported,,-,,,,-,-,-,,,,0,,-,,-,,
Currently no quotation available,VELOCETTE,retro,imported,,single cylinder four stroke air-cooled  500cc,,,,-,-,-,,,,0,,-,,-,,
Currently no quotation available,VELOCETTE,retro,imported,,single cylinder four stroke air-cooled  500cc,,,,-,-,-,2260x760x1130,838,,11.35,,-,,-,,
Currently no quotation available,VELOCETTE,retro,imported,,,,,,-,-,-,,,,13.6,,-,,-,,
Currently no quotation available,VELOCETTE,retro,imported,,single cylinder four stroke air-cooled  500cc,,,,-,-,-,,,,13.6,,-,,-,,
Currently no quotation available,VELOCETTE,retro,imported,,single cylinder four stroke air-cooled  500cc,,,,-,-,-,2130x700x990,775,,19.3,,-,,-,,
Currently no quotation available,VELOCETTE,retro,imported,,single cylinder four stroke air-cooled  500cc,,,,-,-,-,2260x890x1090,838,,11.35,,-,,-,,
Currently no quotation available,VELOCETTE,retro,imported,,single cylinder four stroke air-cooled  350cc,,,,-,-,-,2260x890x1090,838,152,11,,-,,-,,
Currently no quotation available,VELOCETTE,retro,imported,,,,,,-,-,-,,,150,11.4,,-,,-,,
Currently no quotation available,Nanya,pedal,,Zhuzhou Nanfang Motorcycle Co.,single cylinder four stroke air-cooled  110cc,7.3,5.4/,,CVT continuously variable transmission automatic transmission,-,-,1800x680x1030,,95,0,80,-,,-,,
Currently no quotation available,Nanya,pedal,,Zhuzhou Nanfang Motorcycle Co.,single cylinder four stroke air-cooled  110cc,7.3,5.4/,,CVT continuously variable transmission automatic transmission,-,-,1730x695x1040,,92,0,80,-,,-,,
Currently no quotation available,Nanya,pedal,,Zhuzhou Nanfang Motorcycle Co.,single cylinder four stroke air-cooled  110cc,7.3,5.4/,,CVT continuously variable transmission automatic transmission,-,-,1710x670x1050,,95,0,80,-,,-,,
Currently no quotation available,Nanya,pedal,,Zhuzhou Nanfang Motorcycle Co.,single cylinder four stroke air-cooled  110cc,7.3,5.4/,,CVT continuously variable transmission automatic transmission,-,-,1780x685x1060,,91,0,80,-,,-,,
Currently no quotation available,Nanya,pedal,,Zhuzhou Nanfang Motorcycle Co.,single cylinder four stroke air-cooled  110cc,7.3,5.4/,,CVT continuously variable transmission automatic transmission,-,-,1750x700x1100,,95,0,80,-,,-,,
Currently no quotation available,Nanya,pedal,,Zhuzhou Nanfang Motorcycle Co.,single cylinder four stroke air-cooled  125cc,7.9,5.8/,,CVT continuously variable transmission automatic transmission,-,-,1950x770x1180,,110,0,80,-,,-,,
Currently no quotation available,Nanya,pedal,,Zhuzhou Nanfang Motorcycle Co.,single cylinder four stroke air-cooled  125cc,7.9,5.8/,,CVT continuously variable transmission automatic transmission,-,-,1740x700x1060,,95,0,80,-,,-,,
Currently no quotation available,Nanya,pedal,,Zhuzhou Nanfang Motorcycle Co.,single cylinder four stroke air-cooled  125cc,7.9,5.8/,,CVT continuously variable transmission automatic transmission,-,-,1830x720x1115,,105,0,80,-,,-,,
Currently no quotation available,Nanya,pedal,,Zhuzhou Nanfang Motorcycle Co.,single cylinder four stroke air-cooled  125cc,7.9,5.8/,,CVT continuously variable transmission automatic transmission,-,-,1850x700x1100,,100,0,80,-,,-,,
Currently no quotation available,Nanya,pedal,,Zhuzhou Nanfang Motorcycle Co.,single cylinder four stroke air-cooled  125cc,7.9,5.8/,,CVT continuously variable transmission automatic transmission,-,-,1880x710x1110,,103,0,80,-,,-,,
Currently no quotation available,Nanya,pedal,,Zhuzhou Nanfang Motorcycle Co.,single cylinder four stroke air-cooled  125cc,7.9,5.8/,,CVT continuously variable transmission automatic transmission,-,-,1780x725x1140,,98,0,80,-,,-,,
Currently no quotation available,Nanya,pedal,,Zhuzhou Nanfang Motorcycle Co.,single cylinder four stroke air-cooled  125cc,7.9,5.8/,,CVT continuously variable transmission automatic transmission,-,-,1800x670x1130,,99,0,80,-,,-,,
Currently no quotation available,Nanya,pedal,,Zhuzhou Nanfang Motorcycle Co.,single cylinder four stroke air-cooled  125cc,7.9,5.8/,,CVT continuously variable transmission automatic transmission,-,-,1800x710x1000,,85,0,80,-,,-,,
Currently no quotation available,Nanya,", street car,",,Zhuzhou Nanfang Motorcycle Co.,single cylinder four stroke air-cooled  125cc,9.8,7.2/,,-,-,-,1950x735x1020,,112,0,85,-,,-,,
Currently no quotation available,Nanya,", street car,",,Zhuzhou Nanfang Motorcycle Co.,single cylinder four stroke air-cooled  125cc,9.8,7.2/,,-,-,-,1990x840x1130,,120,0,85,-,,-,,
Currently no quotation available,Derby,"s, sports cars,",s,,single cylinder four stroke water-cooled  125cc,,,,-,-,-,,800,,13,,-,,-,,
Currently no quotation available,Derby,,,,single cylinder four stroke water-cooled  125cc,,,,-,-,-,,750,,11,,-,,-,,
Currently no quotation available,Derby,,,,single cylinder four stroke water-cooled  125cc,,,,-,-,-,,750,,11,,-,,-,,
Currently no quotation available,Derby,,,,single cylinder four stroke water-cooled  659cc,,,,-,-,-,,810,,13,,-,,-,,
Currently no quotation available,Derby,,,,single cylinder four stroke water-cooled  659cc,,,,-,-,-,,810,,13,,-,,-,,
Currently no quotation available,Derby,,,,-,,,,-,-,-,,,,0,,-,,-,,
Currently no quotation available,Derby,tension,imported,,single cylinder four stroke air-cooled  125cc,,,,-,-,-,,815,,12,,-,,-,,
Currently no quotation available,Derby,Off road,Imported,,single cylinder four stroke air-cooled  125cc,,,,-,-,-,,,,7.5,,-,,-,,
Currently no quotation available,Derby,Off road,Imported,,single cylinder four stroke air-cooled  125cc,,,,-,-,-,,830,,7.5,,-,,-,,
Currently no quotation available,Derby,,,,single cylinder four stroke air-cooled  125cc,,,,-,-,-,,830,,7.5,,-,,-,,
Currently no quotation available,Derby,Off road,Imported,,single cylinder four stroke air-cooled  125cc,,,,-,-,-,,830,,7.5,,-,,-,,
Currently no quotation available,Derby,Off road,Imported,,single cylinder four stroke air-cooled  125cc,,,,-,-,-,,815,,12,,-,,-,,
6180,Sanhui,pedal,,Wuxi Dade Car Industry Co.,,,,,,,-,1750x680x1660,750,81,,52,,,60.,of,"Elegant White, Twilight Blue, BMW Blue, Bright Black, Pearl White, Aurora Grey"
13949,Jinlong,", street car,",,,single cylinder four stroke air-cooled  226cc,17,12.5/7500,,-,None,-,2030x720x1120,,153,0,115,-,,-,,
4980,Jinlong,", street car,",,,single cylinder four stroke air-cooled  107cc,7.1,5.2/,,-,-,-,1970x780x1050,,110,0,80,-,,-,,
5980,Jinlong,", street car,",,,single cylinder four stroke air-cooled  150cc,11.1,8.2/,,-,-,-,2005x735x1115,,130,0,95,-,,-,,
6900,Jinlong,", street car,",,,single cylinder four stroke air-cooled  150cc,11.1,8.2/,,-,,-,1990x780x1030,,125,12,95,-,,200,,
7150,Jinlong,", street car,",,,single cylinder four stroke air-cooled  150cc,11.7,8.6/,,-,None,-,1980x700x1020,,137,13,100,-,,-,,
7571,Jinlong,Off road,Domestic,,single cylinder four stroke air-cooled  150cc,12.9,9.5/,,-,-,-,2150x785x1175,,135,0,95,-,,-,,
8567,Jinlong,", street car,",,,single cylinder four stroke air-cooled  150cc,12.9,9.5/,,-,,-,1985x830x1080,,140,0,110,-,,-,,
,s,pedal,,,single cylinder four stroke air-cooled  125cc,7.2,5.3/,,CVT continuously variable transmission automatic transmission,none,-,1840x875x1105,,100,0,80,-,,-,,
,s,pedal,,,150cc,7.7,5.7/6500,,CVT continuously variable transmission automatic transmission,-,-,1825x680x1145,,92,5.5,,-,,-,,
,s,pedal,,,150cc,8.0,5.9/7500,,CVT continuously variable transmission automatic transmission,-,-,1955x695x1110,,,0,,-,,-,,
,s,pedal,,,125cc,7.3,5.4/7500,,CVT continuously variable transmission automatic transmission,-,-,1980x700x1150,,119,6.4,,-,,-,,
,s,Retro,Domestic,,150cc,12.2,9/9000,,-,,-,1940x780x1050,,120,12.5,90,2.1,,-,,
Currently no quotation available,GOGORO,pedal,,Taiwan,,,,,,none,standard,1730x690x1035,745,112,,95,,,150,,
Currently no quotation available,GOGORO,pedal,,Taiwan,,,,,,none,standard,1880x670x1090,750,122,,,,,170,,"white, gray"
Currently no quotation available,GOGORO,pedal,,Taiwan,,,,,,standard,without,1890x740x1110,770,114,,90,,,170,,graphite gray
Currently no quotation available,GOGORO,pedal,,Taiwan,,,,,,none,standard,1845x665x1095,750,112,,,,,170,,
Currently no quotation available,GOGORO,pedal,,Taiwan,,,,,,-,-,,,,,,,,-,,
Currently no quotation available,GOGORO,pedal,,Taiwan,,,,,,,standard,1827x685x1230,745,97,,68,,,162,,
Currently no quotation available,GOGORO,pedal,,,,,,,,standard,without,1890x660x1080,780,123,,,,,170,,"Aurora Blue, Aurora Green"
Currently no quotation available,GOGORO,pedal,,Taiwan,,,,,,-,standard,1755x730x1067,729,117,,,,,150,,"Destiny Red, Luminous Gray, Bare Gold, Brilliant Blue, Luminous Green, Crystal Purple"
Currently no quotation available,GOGORO,pedal,,Taiwan,,,,,,-,standard,1949x673x1132,746,126,,,,,150,,"Night Mist Grey, Sand White, Mountain Yellow, Misty Red"
,,pedal,,Chongqing Wangjiang Motorcycle Manufacturing Co.,single cylinder four stroke air-cooled  125cc,7.1,5.2/,,CVT continuously variable transmission automatic transmission,-,-,1865x670x1120,,104,0,80,-,,-,,
,,pedal,,Chongqing Wangjiang Motorcycle Manufacturing Co.,single cylinder four stroke air-cooled  125cc,7.1,5.2/,,CVT continuously variable transmission automatic transmission,-,-,1850x660x1130,,104,0,80,-,,-,,
,,pedal,,Chongqing Wangjiang Motorcycle Manufacturing Co.,single cylinder four stroke air-cooled  125cc,7.1,5.2/,,CVT continuously variable transmission automatic transmission,-,-,1860x670x1140,,104,0,80,-,,-,,
,,pedal,,Chongqing Wangjiang Motorcycle Manufacturing Co.,single cylinder four stroke air-cooled  125cc,7.1,5.2/,,CVT continuously variable transmission automatic transmission,-,-,1895x670x1100,,95,0,80,-,,-,,
,,pedal,,Chongqing Wangjiang Motorcycle Manufacturing Co.,single cylinder four stroke air-cooled  125cc,7.1,5.2/,,CVT continuously variable transmission automatic transmission,-,-,1860x670x1140,,104,0,80,-,,-,,
,,pedal,,Chongqing Wangjiang Motorcycle Manufacturing Co.,single cylinder four stroke air-cooled  125cc,7.1,5.2/,,CVT continuously variable transmission automatic transmission,-,-,1790x670x1080,,96,0,80,-,,-,,
,,pedal,,Chongqing Wangjiang Motorcycle Manufacturing Co.,single cylinder four stroke air-cooled  125cc,7.1,5.2/,,CVT continuously variable transmission automatic transmission,-,-,1900x685x1150,,102,0,80,-,,-,,
,,pedal,,Chongqing Wangjiang Motorcycle Manufacturing Co.,single cylinder four stroke air-cooled  125cc,7.1,5.2/,,CVT continuously variable transmission automatic transmission,-,-,2005x700x1130,,116,0,80,-,,-,,
,,pedal,,Chongqing Wangjiang Motorcycle Manufacturing Co.,single cylinder four stroke air-cooled  125cc,7.1,5.2/,,CVT continuously variable transmission automatic transmission,-,-,1820x665x1145,,102,0,80,-,,-,,
Currently no quotation available,Levac,Three Wheel,Imported,,inline four cylinder four stroke water-cooled  1500cc,110.1,81/6000,,-,-,-,,,,0,,-,,-,,
Currently no quotation available,BULLIT,retro,imported,,125cc,,,,-,-,-,,,,0,,-,,-,,
Currently no quotation available,BULLIT,retro,imported,,125cc,,,,-,-,-,,,,0,,-,,-,,
Currently no quotation available,BULLIT,retro,imported,,125cc,,,,-,,-,,,,0,,-,,-,,
Currently no quotation available,BULLIT,retro,imported,,"V-type twin cylinder four stroke air-cooled, 250cc",16,,,international 6-speed,standard,-,,,,0,130,-,,-,,
Currently no quotation available,BULLIT,MINI,Imported,,50cc,,,,-,-,-,,,,0,,-,,-,,
Currently no quotation available,BULLIT,MINI,Imported,,50cc,,,,-,-,-,,,,0,,-,,-,,
Currently no quotation available,BULLIT,MINI,Imported,,-,,,,-,-,-,,,,0,,-,,-,,
Currently no quotation available,BULLIT,MINI,Imported,,50cc,,,,-,-,-,,,,0,,-,,-,,
Currently no quotation available,BULLIT,MINI,Imported,,50cc,,,,-,-,-,,,,0,,-,,-,,
Currently no quotation available,BULLIT,MINI,Imported,,50cc,,,,-,-,-,,,,0,,-,,-,,
Currently no quotation available,BULLIT,retro,imported,,125cc,,,,-,-,-,,,,0,,-,,-,,
Currently no quotation available,BULLIT,retro,imported,,125cc,,,,-,-,-,,,,0,,-,,-,,
Currently no quotation available,BULLIT,retro,imported,,125cc,,,,-,-,-,,,,0,,-,,-,,
Currently no quotation available,BULLIT,retro,imported,,125cc,,,,-,-,-,,,,0,,-,,-,,
Currently no quotation available,BULLIT,retro,imported,,125cc,,,,-,-,-,,,,0,,-,,-,,
Currently no quotation available,BULLIT,retro,imported,,125cc,,,,-,-,-,,,,0,,-,,-,,
Currently no quotation available,BULLIT,retro,imported,,125cc,,,,-,-,-,,,,0,,-,,-,,
Currently no quotation available,JAWA,,,,dual cylinder air-cooled  350cc,,,,-,-,-,,750,168,17,,-,,-,,
Currently no quotation available,JAWA,,,,dual cylinder four stroke air-cooled  350cc,,,,-,-,-,,820,,17,,-,,-,,
Currently no quotation available,JAWA,,,,dual cylinder four stroke air-cooled  350cc,,,,-,-,-,,820,,17,,-,,-,,
Currently no quotation available,JAWA,,,,dual cylinder air-cooled  350cc,,,,-,-,-,,810,,0,,-,,-,,
Currently no quotation available,JAWA,,,,single cylinder four stroke water-cooled  420cc,,,,-,-,-,,,,20,,-,,-,,
Currently no quotation available,JAWA,,,,single cylinder four stroke air-cooled  500cc,,,,-,-,-,,,,17,,-,,-,,
Currently no quotation available,JAWA,,,,,,,,-,-,-,,,132,0,,-,,-,,
Currently no quotation available,JAWA,,,,,,,,-,-,-,2100x780x1160,820,162,17,,-,,-,,
Currently no quotation available,JAWA,,,,,,,,-,-,-,2100x780x1160,820,162,17,,-,,-,,
Currently no quotation available,JAWA,,,,,,,,-,-,-,,860,,17,,-,,-,,
Currently no quotation available,JAWA,retro,imported,,", 250cc",,,,-,-,-,,,,0,,-,,-,,
Currently no quotation available,JAWA,retro,imported,,"single cylinder air-cooled, 250cc",,,,-,-,-,,760,144,15,,-,,-,,
Currently no quotation available,JAWA,retro,imported,,dual cylinder air-cooled  350cc,,,,-,-,-,,,155,13.5,,-,,-,,
Currently no quotation available,JAWA,retro,imported,,dual cylinder air-cooled  350cc,,,,-,-,-,,820,,2.8,,-,,-,,
Currently no quotation available,JAWA,retro,imported,,dual cylinder air-cooled  350cc,,,,-,-,-,,820,,17,,-,,-,,
Currently no quotation available,JAWA,retro,imported,,dual cylinder four stroke air-cooled  350cc,,,,-,-,-,,,150,17,,-,,-,,
Currently no quotation available,JAWA,retro,imported,,dual cylinder four stroke air-cooled  350cc,,,,-,-,-,,,175,17,,-,,-,,
Currently no quotation available,JAWA,retro,imported,,,,,,-,-,-,2100x780x1160,820,162,17,,-,,-,,
Currently no quotation available,JAWA,Cruising Crown Prince,Imported,,single cylinder four stroke air-cooled  125cc,,,,-,-,-,,,,13.5,,-,,-,,
Currently no quotation available,JAWA,Cruising Crown Prince,Imported,,,,,,-,-,-,,,,15,,-,,-,,
Currently no quotation available,JAWA,tension,imported,,single cylinder four stroke air-cooled  125cc,,,,-,-,-,,830,,6.5,,-,,-,,
Currently no quotation available,JAWA,tension,imported,,single cylinder four stroke air-cooled  125cc,,,,-,-,-,,830,,6.5,,-,,-,,
Currently no quotation available,JAWA,tension,imported,,single cylinder four stroke air-cooled  125cc,,,,-,-,-,,830,,6.5,,-,,-,,
Currently no quotation available,JAWA,,,,,,,,-,-,-,2100x780x1160,820,162,17,,-,,-,,
Currently no quotation available,JAWA,,,,single cylinder four stroke water-cooled  660cc,,,,-,-,-,,860,,17,,-,,-,,
Currently no quotation available,HOREX,retro,imported,,V-type six cylinder four stroke water-cooled  1200cc,,,,-,-,-,,800,,17,,-,,-,,
Currently no quotation available,HOREX,retro,imported,,single cylinder four stroke air-cooled  350cc,,,,-,-,-,,760,,16,,-,,-,,
Currently no quotation available,HOREX,retro,imported,,V-type six cylinder four stroke water-cooled  1200cc,,,,-,-,-,,800,,17,,-,,-,,
Currently no quotation available,HOREX,retro,imported,,V-type six cylinder four stroke water-cooled  1200cc,,,,-,-,-,,,,0,,-,,-,,
Currently no quotation available,HOREX,retro,imported,,V-type six cylinder four stroke water-cooled  1200cc,,,,-,-,-,,800,,17,,-,,-,,
Currently no quotation available,HOREX,retro,imported,,V-type six cylinder four stroke water-cooled  1200cc,,,,-,,-,,800,,17,,-,,-,,
Currently no quotation available,HOREX,retro,imported,,V-type six cylinder four stroke water-cooled  1200cc,,,,-,None,-,,800,,17,,-,,-,,
Currently no quotation available,HOREX,Cruising Crown Prince,Imported,,-,,,,-,-,-,,,,0,,-,,-,,
24800,yttrium,Off road,Domestic,,,,,,,,-,1992x815x1082,870,62.5,,80,,,130,,
,Lingken,", street car,",,,single cylinder four stroke air-cooled  150cc,11,8.2/7500,,-,None,-,2050x740x1065,805,135,15,90,-,,-,,
,Lingken,Cruising Crown Prince,Domestic,,single cylinder four stroke air-cooled  125cc,10.2,7.5/8500,,international gear,none,-,1990,805,110,12,90,-,,-,,
,Lingken,", street car,",,,124cc,10.2,7.5/8500,,-,None,-,1990x840x1120,805,115,14,,-,,-,,
,Lingken,Cruising Crown Prince,Domestic,,single cylinder four stroke air-cooled  124cc,10.2,7.5/8500,,international gear,none,-,1820x700x1080,750,104,15,85,-,,-,,
,Lingken,", street car,",,,single cylinder four stroke air-cooled  125cc,10,7.5/8500,,-,None,-,1925x845x1125,740,125,10,,-,,-,,
,Lingken,", street car,",,,single cylinder four stroke air-cooled  124cc,122.37,90/90,,international gear,none,-,2010x740x1125,,113,12,85,-,,-,,
,Lingken,", street car,",,,single cylinder four stroke air-cooled  124cc,10.2,7.5/8500,,international gear,none,-,2015x760x1110,775,116,15,85,-,,-,,
,Lingken,", street car,",,,single cylinder four stroke air-cooled  124cc,,,,-,None,-,2010x730x1080,785,129,13,,-,,-,,
,Lingken,", street car,",,,single cylinder four stroke air-cooled  124cc,,,,-,None,-,1959x739x1121,,124,13,85,2.1,,-,,
,Lingken,", street car,",,,single cylinder four stroke air-cooled  125cc,,,,international gear,none,-,2010x780x1055,,116,11.5,93,-,,-,,
,Lingken,", street car,",,,single cylinder four stroke air-cooled  149cc,11.1,8.2/8500,,-,None,-,2035x780x1075,760,126,12,94,-,,-,,
,Lingken,", street car,",,,single cylinder four stroke air-cooled  125cc,10,7.5/8500,,international gear,none,-,2010x780x1055,760,116,11.5,93,-,,-,,
,Lingken,", street car,",,,single cylinder four stroke air-cooled  124cc,10.2,7.5/8500,,-,None,-,1880x740x1020,750,,9,,-,,-,,
,Lingken,pedal,,,single cylinder four stroke air-cooled  107cc,7.1,5.2/7000,,-,None,-,1820x700x1080,740,104,6,75,-,,-,,
,Lingken,pedal,,,single cylinder four stroke air-cooled  124cc,7.2,5.3/7500,,-,None,-,1845x660x1140,755,102,6,,-,,-,,
,Lingken,pedal,,,single cylinder four stroke air-cooled  124cc,7.21,5.3/7500,,continuously variable automatic transmission,none,-,1860,760,108,6,80,-,,-,,
,Lingken,pedal,,,single cylinder four stroke air-cooled  125cc,7.2,5.3/7500,,-,None,-,1830x690x1135,750,105,6,80,-,,-,,
,Lingken,pedal,,,124cc,7.2,5.3/7500,,-,None,-,,760,105,7,,-,,-,,
,Lingken,pedal,,,single cylinder four stroke water-cooled  102cc,6.66,4.9/8000,,continuously variable transmission,none,-,1730x700x1045,730,94,4.5,75,-,,-,,
,Lingken,pedal,,,single cylinder four stroke air-cooled  124cc,8.7,6.4/7500,,-,None,-,1840x650x1100,730,106,6.4,,-,,-,,
,Lingken,pedal,,,single cylinder four stroke air-cooled  110cc,8.2,6/7500,,-,None,-,1805x685x1095,730,100,6.4,,-,,-,,
,Lingken,pedal,,,single cylinder four stroke air-cooled  100cc,6.7,4.9/8000,,-,None,-,1820x700x1080,740,100,6,75,-,,-,,
,Lingken,pedal,,,single cylinder four stroke air-cooled  102cc,6.7,4.9/8000,,-,None,-,1840x685x1120,720,96,6,75,-,,-,,
,Lingken,pedal,,,single cylinder four stroke air-cooled  102cc,6.7,4.9/8000,,-,None,-,1865x690x1120,720,96,6,75,-,,-,,
,Lingken,pedal,,,single cylinder four stroke air-cooled  102cc,6.7,4.9/8000,,-,None,-,1830x660x1100,720,,6,75,-,,-,,
,Lingken,pedal,,,single cylinder four stroke air-cooled  102cc,6.66,4.9/8000,,infinite automatic transmission,none,-,1750,750,90,5,,-,,-,,
,Lingken,pedal,,,single cylinder four stroke air-cooled  102cc,6.66,4.9/8000,,infinite automatic transmission,none,-,1750,750,90,5,,-,,-,,
,Lingken,pedal,,,single cylinder four stroke air-cooled  102cc,6.66,4.9/8000,,infinite automatic transmission,none,-,1730,730,94,4.5,75,-,,-,,
,Lingken,pedal,,,single cylinder four stroke air-cooled  125cc,7.2,5.3/7500,,-,None,-,1775x685x1110,750,108,6,85,-,,-,,
,Lingken,pedal,,,single cylinder four stroke air-cooled  125cc,7,5.3/7500,,-,-,-,1845x660x1140,755,102,6,,2.5,,-,,
,Lingken,pedal,,,single cylinder four stroke air-cooled  125cc,7,5.3/7500,,-,-,-,1830x690x1135,750,105,6,80,-,,-,,
,Lingken,pedal,,,single cylinder four stroke air-cooled  110cc,8,6/7500,,-,,-,1805x685x1095,730,100,6.4,,-,,-,,
,Lingken,bending beam,,,single cylinder four stroke air-cooled  110cc,,,,-,None,-,1885x715x1110,760,105,4,80,5.2,,-,,
,Lingken,pedal,,,single cylinder four stroke air-cooled  110cc,,,,-,None,-,1930x780x1110,780,98,3.8,75,-,,-,,
,Lingken,bending beam,,,single cylinder four stroke air-cooled  97cc,6.53,4.8/7500,,international third gear,none,-,1860x670x1070,800,89,3.5,75,1.5,,-,,
,Lingken,bending beam,,,single cylinder four stroke air-cooled  110cc,6.53,4.8/7500,,,none,-,1860x700x1040,770,95,4,75,-,,-,,
,Lingken,bending beam,,,single cylinder four stroke air-cooled  106cc,6.5,4.8/7500,,-,None,-,1940x730x1075,765,96,4,,-,,-,,
